number,lv1,lv2,name
1,Tài chính và bảo hiểm,Ngân hàng,ABB
2,Tài chính và bảo hiểm,Ngân hàng,ACB
3,Tài chính và bảo hiểm,Ngân hàng,BAB
4,Tài chính và bảo hiểm,Ngân hàng,BID
5,Tài chính và bảo hiểm,Ngân hàng,BVB
6,Tài chính và bảo hiểm,Ngân hàng,CTG
7,Tài chính và bảo hiểm,Ngân hàng,EIB
8,Tài chính và bảo hiểm,Ngân hàng,EVF
9,Tài chính và bảo hiểm,Ngân hàng,HDB
10,Tài chính và bảo hiểm,Ngân hàng,KLB
11,Tài chính và bảo hiểm,Ngân hàng,LPB
12,Tài chính và bảo hiểm,Ngân hàng,MBB
13,Tài chính và bảo hiểm,Ngân hàng,MSB
14,Tài chính và bảo hiểm,Ngân hàng,NAB
15,Tài chính và bảo hiểm,Ngân hàng,NVB
16,Tài chính và bảo hiểm,Ngân hàng,OCB
17,Tài chính và bảo hiểm,Ngân hàng,PGB
18,Tài chính và bảo hiểm,Ngân hàng,SGB
19,Tài chính và bảo hiểm,Ngân hàng,SHB
20,Tài chính và bảo hiểm,Ngân hàng,SSB
21,Tài chính và bảo hiểm,Ngân hàng,STB
22,Tài chính và bảo hiểm,Ngân hàng,TCB
23,Tài chính và bảo hiểm,Ngân hàng,TIN
24,Tài chính và bảo hiểm,Ngân hàng,TPB
25,Tài chính và bảo hiểm,Ngân hàng,VAB
26,Tài chính và bảo hiểm,Ngân hàng,VBB
27,Tài chính và bảo hiểm,Ngân hàng,VCB
28,Tài chính và bảo hiểm,Ngân hàng,VIB
29,Tài chính và bảo hiểm,Ngân hàng,VPB
30,Tài chính và bảo hiểm,Chứng khoán và các hoạt động liên quan,AAS
31,Tài chính và bảo hiểm,Chứng khoán và các hoạt động liên quan,AGR
32,Tài chính và bảo hiểm,Chứng khoán và các hoạt động liên quan,APG
33,Tài chính và bảo hiểm,Chứng khoán và các hoạt động liên quan,APS
34,Tài chính và bảo hiểm,Chứng khoán và các hoạt động liên quan,ART
35,Tài chính và bảo hiểm,Chứng khoán và các hoạt động liên quan,BMS
36,Tài chính và bảo hiểm,Chứng khoán và các hoạt động liên quan,BSI
37,Tài chính và bảo hiểm,Chứng khoán và các hoạt động liên quan,BVS
38,Tài chính và bảo hiểm,Chứng khoán và các hoạt động liên quan,CSI
39,Tài chính và bảo hiểm,Chứng khoán và các hoạt động liên quan,CTS
40,Tài chính và bảo hiểm,Chứng khoán và các hoạt động liên quan,DSC
41,Tài chính và bảo hiểm,Chứng khoán và các hoạt động liên quan,EVS
42,Tài chính và bảo hiểm,Chứng khoán và các hoạt động liên quan,FTS
43,Tài chính và bảo hiểm,Chứng khoán và các hoạt động liên quan,HAC
44,Tài chính và bảo hiểm,Chứng khoán và các hoạt động liên quan,HBS
45,Tài chính và bảo hiểm,Chứng khoán và các hoạt động liên quan,HCM
46,Tài chính và bảo hiểm,Chứng khoán và các hoạt động liên quan,HSA
47,Tài chính và bảo hiểm,Chứng khoán và các hoạt động liên quan,IPA
48,Tài chính và bảo hiểm,Chứng khoán và các hoạt động liên quan,IVS
49,Tài chính và bảo hiểm,Chứng khoán và các hoạt động liên quan,MBS
50,Tài chính và bảo hiểm,Chứng khoán và các hoạt động liên quan,OGC
51,Tài chính và bảo hiểm,Chứng khoán và các hoạt động liên quan,ORS
52,Tài chính và bảo hiểm,Chứng khoán và các hoạt động liên quan,PHS
53,Tài chính và bảo hiểm,Chứng khoán và các hoạt động liên quan,PSI
54,Tài chính và bảo hiểm,Chứng khoán và các hoạt động liên quan,PVR
55,Tài chính và bảo hiểm,Chứng khoán và các hoạt động liên quan,SBS
56,Tài chính và bảo hiểm,Chứng khoán và các hoạt động liên quan,SHS
57,Tài chính và bảo hiểm,Chứng khoán và các hoạt động liên quan,SSI
58,Tài chính và bảo hiểm,Chứng khoán và các hoạt động liên quan,TCI
59,Tài chính và bảo hiểm,Chứng khoán và các hoạt động liên quan,TVB
60,Tài chính và bảo hiểm,Chứng khoán và các hoạt động liên quan,TVC
61,Tài chính và bảo hiểm,Chứng khoán và các hoạt động liên quan,TVS
62,Tài chính và bảo hiểm,Chứng khoán và các hoạt động liên quan,VCI
63,Tài chính và bảo hiểm,Chứng khoán và các hoạt động liên quan,VDS
64,Tài chính và bảo hiểm,Chứng khoán và các hoạt động liên quan,VFS
65,Tài chính và bảo hiểm,Chứng khoán và các hoạt động liên quan,VIG
66,Tài chính và bảo hiểm,Chứng khoán và các hoạt động liên quan,VIX
67,Tài chính và bảo hiểm,Chứng khoán và các hoạt động liên quan,VND
68,Tài chính và bảo hiểm,Chứng khoán và các hoạt động liên quan,VUA
69,Tài chính và bảo hiểm,Chứng khoán và các hoạt động liên quan,WSS
70,Tài chính và bảo hiểm,Bảo hiểm và các hoạt động liên quan,ABI
71,Tài chính và bảo hiểm,Bảo hiểm và các hoạt động liên quan,AIC
72,Tài chính và bảo hiểm,Bảo hiểm và các hoạt động liên quan,BIC
73,Tài chính và bảo hiểm,Bảo hiểm và các hoạt động liên quan,BLI
74,Tài chính và bảo hiểm,Bảo hiểm và các hoạt động liên quan,BMI
75,Tài chính và bảo hiểm,Bảo hiểm và các hoạt động liên quan,BVH
76,Tài chính và bảo hiểm,Bảo hiểm và các hoạt động liên quan,MIG
77,Tài chính và bảo hiểm,Bảo hiểm và các hoạt động liên quan,PGI
78,Tài chính và bảo hiểm,Bảo hiểm và các hoạt động liên quan,PRE
79,Tài chính và bảo hiểm,Bảo hiểm và các hoạt động liên quan,PTI
80,Tài chính và bảo hiểm,Bảo hiểm và các hoạt động liên quan,PVI
81,Tài chính và bảo hiểm,Bảo hiểm và các hoạt động liên quan,VNR
82,Sản xuất nông nghiệp,Chăn nuôi,APT
83,Sản xuất nông nghiệp,Chăn nuôi,ASM
84,Sản xuất nông nghiệp,Chăn nuôi,BAF
85,Sản xuất nông nghiệp,Chăn nuôi,HVA
86,Sản xuất nông nghiệp,Chăn nuôi,MLS
87,Sản xuất nông nghiệp,Chăn nuôi,NSS
88,Sản xuất nông nghiệp,Chăn nuôi,PSL
89,Sản xuất nông nghiệp,Chăn nuôi,SEA
90,Sản xuất nông nghiệp,Hoạt động hỗ trợ cho nông lâm nghiệp,APC
91,Sản xuất nông nghiệp,Hoạt động hỗ trợ cho nông lâm nghiệp,PSW
92,Sản xuất nông nghiệp,Trồng rừng và khai thác gỗ,FRM
93,Sản xuất nông nghiệp,Trồng rừng và khai thác gỗ,VIF
94,Sản xuất nông nghiệp,Trồng trọt,AUM
95,Sản xuất nông nghiệp,Trồng trọt,BHG
96,Sản xuất nông nghiệp,Trồng trọt,CNA
97,Sản xuất nông nghiệp,Trồng trọt,CPA
98,Sản xuất nông nghiệp,Trồng trọt,CTP
99,Sản xuất nông nghiệp,Trồng trọt,DRG
100,Sản xuất nông nghiệp,Trồng trọt,FGL
101,Sản xuất nông nghiệp,Trồng trọt,HAG
102,Sản xuất nông nghiệp,Trồng trọt,HKT
103,Sản xuất nông nghiệp,Trồng trọt,HNG
104,Sản xuất nông nghiệp,Trồng trọt,HSL
105,Sản xuất nông nghiệp,Trồng trọt,LNC
106,Sản xuất nông nghiệp,Trồng trọt,NSC
107,Sản xuất nông nghiệp,Trồng trọt,SCA
108,Sản xuất nông nghiệp,Trồng trọt,SEP
109,Sản xuất nông nghiệp,Trồng trọt,SJF
110,Sản xuất nông nghiệp,Trồng trọt,SSC
111,Sản xuất nông nghiệp,Trồng trọt,TAN
112,Khai khoáng,Các hoạt động hỗ trợ khai khoáng,DLT
113,Khai khoáng,Các hoạt động hỗ trợ khai khoáng,MGC
114,Khai khoáng,Các hoạt động hỗ trợ khai khoáng,MSR
115,Khai khoáng,Các hoạt động hỗ trợ khai khoáng,POS
116,Khai khoáng,Các hoạt động hỗ trợ khai khoáng,PSB
117,Khai khoáng,Các hoạt động hỗ trợ khai khoáng,PVB
118,Khai khoáng,Các hoạt động hỗ trợ khai khoáng,PVC
119,Khai khoáng,Các hoạt động hỗ trợ khai khoáng,PVD
120,Khai khoáng,Các hoạt động hỗ trợ khai khoáng,PVS
121,Khai khoáng,Khai khoáng (ngoại trừ dầu mỏ và khí đốt),ACM
122,Khai khoáng,Khai khoáng (ngoại trừ dầu mỏ và khí đốt),ALV
123,Khai khoáng,Khai khoáng (ngoại trừ dầu mỏ và khí đốt),AMC
124,Khai khoáng,Khai khoáng (ngoại trừ dầu mỏ và khí đốt),ATG
125,Khai khoáng,Khai khoáng (ngoại trừ dầu mỏ và khí đốt),BCB
126,Khai khoáng,Khai khoáng (ngoại trừ dầu mỏ và khí đốt),BKC
127,Khai khoáng,Khai khoáng (ngoại trừ dầu mỏ và khí đốt),BMC
128,Khai khoáng,Khai khoáng (ngoại trừ dầu mỏ và khí đốt),BMJ
129,Khai khoáng,Khai khoáng (ngoại trừ dầu mỏ và khí đốt),C32
130,Khai khoáng,Khai khoáng (ngoại trừ dầu mỏ và khí đốt),CMI
131,Khai khoáng,Khai khoáng (ngoại trừ dầu mỏ và khí đốt),CST
132,Khai khoáng,Khai khoáng (ngoại trừ dầu mỏ và khí đốt),CTA
133,Khai khoáng,Khai khoáng (ngoại trừ dầu mỏ và khí đốt),DHA
134,Khai khoáng,Khai khoáng (ngoại trừ dầu mỏ và khí đốt),DHM
135,Khai khoáng,Khai khoáng (ngoại trừ dầu mỏ và khí đốt),GLC
136,Khai khoáng,Khai khoáng (ngoại trừ dầu mỏ và khí đốt),HGM
137,Khai khoáng,Khai khoáng (ngoại trừ dầu mỏ và khí đốt),HLC
138,Khai khoáng,Khai khoáng (ngoại trừ dầu mỏ và khí đốt),HMR
139,Khai khoáng,Khai khoáng (ngoại trừ dầu mỏ và khí đốt),HPM
140,Khai khoáng,Khai khoáng (ngoại trừ dầu mỏ và khí đốt),ITS
141,Khai khoáng,Khai khoáng (ngoại trừ dầu mỏ và khí đốt),KCB
142,Khai khoáng,Khai khoáng (ngoại trừ dầu mỏ và khí đốt),KHB
143,Khai khoáng,Khai khoáng (ngoại trừ dầu mỏ và khí đốt),KLM
144,Khai khoáng,Khai khoáng (ngoại trừ dầu mỏ và khí đốt),KSB
145,Khai khoáng,Khai khoáng (ngoại trừ dầu mỏ và khí đốt),KSH
146,Khai khoáng,Khai khoáng (ngoại trừ dầu mỏ và khí đốt),KSQ
147,Khai khoáng,Khai khoáng (ngoại trừ dầu mỏ và khí đốt),KSV
148,Khai khoáng,Khai khoáng (ngoại trừ dầu mỏ và khí đốt),LCM
149,Khai khoáng,Khai khoáng (ngoại trừ dầu mỏ và khí đốt),MDC
150,Khai khoáng,Khai khoáng (ngoại trừ dầu mỏ và khí đốt),MDG
151,Khai khoáng,Khai khoáng (ngoại trừ dầu mỏ và khí đốt),MIC
152,Khai khoáng,Khai khoáng (ngoại trừ dầu mỏ và khí đốt),MIM
153,Khai khoáng,Khai khoáng (ngoại trừ dầu mỏ và khí đốt),MTA
154,Khai khoáng,Khai khoáng (ngoại trừ dầu mỏ và khí đốt),MVB
155,Khai khoáng,Khai khoáng (ngoại trừ dầu mỏ và khí đốt),NBC
156,Khai khoáng,Khai khoáng (ngoại trừ dầu mỏ và khí đốt),NNC
157,Khai khoáng,Khai khoáng (ngoại trừ dầu mỏ và khí đốt),SPI
158,Khai khoáng,Khai khoáng (ngoại trừ dầu mỏ và khí đốt),SQC
159,Khai khoáng,Khai khoáng (ngoại trừ dầu mỏ và khí đốt),TC6
160,Khai khoáng,Khai khoáng (ngoại trừ dầu mỏ và khí đốt),TDN
161,Khai khoáng,Khai khoáng (ngoại trừ dầu mỏ và khí đốt),THT
162,Khai khoáng,Khai khoáng (ngoại trừ dầu mỏ và khí đốt),TMB
163,Khai khoáng,Khai khoáng (ngoại trừ dầu mỏ và khí đốt),TMG
164,Khai khoáng,Khai khoáng (ngoại trừ dầu mỏ và khí đốt),TNT
165,Khai khoáng,Khai khoáng (ngoại trừ dầu mỏ và khí đốt),TVD
166,Khai khoáng,Khai khoáng (ngoại trừ dầu mỏ và khí đốt),VCE
167,Khai khoáng,Khai khoáng (ngoại trừ dầu mỏ và khí đốt),VDB
168,Khai khoáng,Khai khoáng (ngoại trừ dầu mỏ và khí đốt),VIM
169,Khai khoáng,Khai khoáng (ngoại trừ dầu mỏ và khí đốt),VLB
170,Tiện ích,"Nước, chất thải và các hệ thống khác",BDW
171,Tiện ích,"Nước, chất thải và các hệ thống khác",BGW
172,Tiện ích,"Nước, chất thải và các hệ thống khác",BLW
173,Tiện ích,"Nước, chất thải và các hệ thống khác",BNW
174,Tiện ích,"Nước, chất thải và các hệ thống khác",BRS
175,Tiện ích,"Nước, chất thải và các hệ thống khác",BTW
176,Tiện ích,"Nước, chất thải và các hệ thống khác",BWA
177,Tiện ích,"Nước, chất thải và các hệ thống khác",BWE
178,Tiện ích,"Nước, chất thải và các hệ thống khác",BWS
179,Tiện ích,"Nước, chất thải và các hệ thống khác",CLW
180,Tiện ích,"Nước, chất thải và các hệ thống khác",CMW
181,Tiện ích,"Nước, chất thải và các hệ thống khác",CTW
182,Tiện ích,"Nước, chất thải và các hệ thống khác",DBW
183,Tiện ích,"Nước, chất thải và các hệ thống khác",DDG
184,Tiện ích,"Nước, chất thải và các hệ thống khác",DNE
185,Tiện ích,"Nước, chất thải và các hệ thống khác",DNN
186,Tiện ích,"Nước, chất thải và các hệ thống khác",DNW
187,Tiện ích,"Nước, chất thải và các hệ thống khác",DWC
188,Tiện ích,"Nước, chất thải và các hệ thống khác",DWS
189,Tiện ích,"Nước, chất thải và các hệ thống khác",GDW
190,Tiện ích,"Nước, chất thải và các hệ thống khác",GLW
191,Tiện ích,"Nước, chất thải và các hệ thống khác",HDW
192,Tiện ích,"Nước, chất thải và các hệ thống khác",HEP
193,Tiện ích,"Nước, chất thải và các hệ thống khác",HGW
194,Tiện ích,"Nước, chất thải và các hệ thống khác",HPW
195,Tiện ích,"Nước, chất thải và các hệ thống khác",HTW
196,Tiện ích,"Nước, chất thải và các hệ thống khác",HWS
197,Tiện ích,"Nước, chất thải và các hệ thống khác",KHW
198,Tiện ích,"Nước, chất thải và các hệ thống khác",LAW
199,Tiện ích,"Nước, chất thải và các hệ thống khác",LCW
200,Tiện ích,"Nước, chất thải và các hệ thống khác",LDW
201,Tiện ích,"Nước, chất thải và các hệ thống khác",LKW
202,Tiện ích,"Nước, chất thải và các hệ thống khác",LWS
203,Tiện ích,"Nước, chất thải và các hệ thống khác",MTL
204,Tiện ích,"Nước, chất thải và các hệ thống khác",NAW
205,Tiện ích,"Nước, chất thải và các hệ thống khác",NBT
206,Tiện ích,"Nước, chất thải và các hệ thống khác",NBW
207,Tiện ích,"Nước, chất thải và các hệ thống khác",NDW
208,Tiện ích,"Nước, chất thải và các hệ thống khác",NLS
209,Tiện ích,"Nước, chất thải và các hệ thống khác",NNT
210,Tiện ích,"Nước, chất thải và các hệ thống khác",NQB
211,Tiện ích,"Nước, chất thải và các hệ thống khác",NQN
212,Tiện ích,"Nước, chất thải và các hệ thống khác",NQT
213,Tiện ích,"Nước, chất thải và các hệ thống khác",NS2
214,Tiện ích,"Nước, chất thải và các hệ thống khác",NSL
215,Tiện ích,"Nước, chất thải và các hệ thống khác",NTW
216,Tiện ích,"Nước, chất thải và các hệ thống khác",NVP
217,Tiện ích,"Nước, chất thải và các hệ thống khác",PJS
218,Tiện ích,"Nước, chất thải và các hệ thống khác",PMW
219,Tiện ích,"Nước, chất thải và các hệ thống khác",PWS
220,Tiện ích,"Nước, chất thải và các hệ thống khác",QNU
221,Tiện ích,"Nước, chất thải và các hệ thống khác",QNW
222,Tiện ích,"Nước, chất thải và các hệ thống khác",SII
223,Tiện ích,"Nước, chất thải và các hệ thống khác",SIP
224,Tiện ích,"Nước, chất thải và các hệ thống khác",STW
225,Tiện ích,"Nước, chất thải và các hệ thống khác",TAW
226,Tiện ích,"Nước, chất thải và các hệ thống khác",TDM
227,Tiện ích,"Nước, chất thải và các hệ thống khác",TDW
228,Tiện ích,"Nước, chất thải và các hệ thống khác",THN
229,Tiện ích,"Nước, chất thải và các hệ thống khác",THU
230,Tiện ích,"Nước, chất thải và các hệ thống khác",THW
231,Tiện ích,"Nước, chất thải và các hệ thống khác",TNW
232,Tiện ích,"Nước, chất thải và các hệ thống khác",TOW
233,Tiện ích,"Nước, chất thải và các hệ thống khác",TQW
234,Tiện ích,"Nước, chất thải và các hệ thống khác",TVW
235,Tiện ích,"Nước, chất thải và các hệ thống khác",UCT
236,Tiện ích,"Nước, chất thải và các hệ thống khác",VAV
237,Tiện ích,"Nước, chất thải và các hệ thống khác",VCW
238,Tiện ích,"Nước, chất thải và các hệ thống khác",VLW
239,Tiện ích,"Nước, chất thải và các hệ thống khác",VPW
240,Tiện ích,"Phát, truyền tải và phân phối điện năng",AVC
241,Tiện ích,"Phát, truyền tải và phân phối điện năng",BHA
242,Tiện ích,"Phát, truyền tải và phân phối điện năng",BSA
243,Tiện ích,"Phát, truyền tải và phân phối điện năng",BTP
244,Tiện ích,"Phát, truyền tải và phân phối điện năng",CHP
245,Tiện ích,"Phát, truyền tải và phân phối điện năng",DNA
246,Tiện ích,"Phát, truyền tải và phân phối điện năng",DNC
247,Tiện ích,"Phát, truyền tải và phân phối điện năng",DNH
248,Tiện ích,"Phát, truyền tải và phân phối điện năng",DRL
249,Tiện ích,"Phát, truyền tải và phân phối điện năng",DTE
250,Tiện ích,"Phát, truyền tải và phân phối điện năng",DTK
251,Tiện ích,"Phát, truyền tải và phân phối điện năng",DTV
252,Tiện ích,"Phát, truyền tải và phân phối điện năng",EIC
253,Tiện ích,"Phát, truyền tải và phân phối điện năng",GE2
254,Tiện ích,"Phát, truyền tải và phân phối điện năng",GEG
255,Tiện ích,"Phát, truyền tải và phân phối điện năng",GHC
256,Tiện ích,"Phát, truyền tải và phân phối điện năng",GSM
257,Tiện ích,"Phát, truyền tải và phân phối điện năng",HID
258,Tiện ích,"Phát, truyền tải và phân phối điện năng",HJS
259,Tiện ích,"Phát, truyền tải và phân phối điện năng",HNA
260,Tiện ích,"Phát, truyền tải và phân phối điện năng",HND
261,Tiện ích,"Phát, truyền tải và phân phối điện năng",HPD
262,Tiện ích,"Phát, truyền tải và phân phối điện năng",IDC
263,Tiện ích,"Phát, truyền tải và phân phối điện năng",ISH
264,Tiện ích,"Phát, truyền tải và phân phối điện năng",KHP
265,Tiện ích,"Phát, truyền tải và phân phối điện năng",NBP
266,Tiện ích,"Phát, truyền tải và phân phối điện năng",NED
267,Tiện ích,"Phát, truyền tải và phân phối điện năng",NT2
268,Tiện ích,"Phát, truyền tải và phân phối điện năng",NTH
269,Tiện ích,"Phát, truyền tải và phân phối điện năng",PGV
270,Tiện ích,"Phát, truyền tải và phân phối điện năng",PIC
271,Tiện ích,"Phát, truyền tải và phân phối điện năng",POW
272,Tiện ích,"Phát, truyền tải và phân phối điện năng",PPC
273,Tiện ích,"Phát, truyền tải và phân phối điện năng",QPH
274,Tiện ích,"Phát, truyền tải và phân phối điện năng",QTP
275,Tiện ích,"Phát, truyền tải và phân phối điện năng",S4A
276,Tiện ích,"Phát, truyền tải và phân phối điện năng",S72
277,Tiện ích,"Phát, truyền tải và phân phối điện năng",SBA
278,Tiện ích,"Phát, truyền tải và phân phối điện năng",SBH
279,Tiện ích,"Phát, truyền tải và phân phối điện năng",SBM
280,Tiện ích,"Phát, truyền tải và phân phối điện năng",SD3
281,Tiện ích,"Phát, truyền tải và phân phối điện năng",SEB
282,Tiện ích,"Phát, truyền tải và phân phối điện năng",SHP
283,Tiện ích,"Phát, truyền tải và phân phối điện năng",SJD
284,Tiện ích,"Phát, truyền tải và phân phối điện năng",SP2
285,Tiện ích,"Phát, truyền tải và phân phối điện năng",SVH
286,Tiện ích,"Phát, truyền tải và phân phối điện năng",TBC
287,Tiện ích,"Phát, truyền tải và phân phối điện năng",TDB
288,Tiện ích,"Phát, truyền tải và phân phối điện năng",TMP
289,Tiện ích,"Phát, truyền tải và phân phối điện năng",TTA
290,Tiện ích,"Phát, truyền tải và phân phối điện năng",TTE
291,Tiện ích,"Phát, truyền tải và phân phối điện năng",UIC
292,Tiện ích,"Phát, truyền tải và phân phối điện năng",VCP
293,Tiện ích,"Phát, truyền tải và phân phối điện năng",VPD
294,Tiện ích,"Phát, truyền tải và phân phối điện năng",VSH
295,Tiện ích,"Phát, truyền tải và phân phối điện năng",XMP
296,Tiện ích,Phân phối khí đốt thiên nhiên,ASP
297,Tiện ích,Phân phối khí đốt thiên nhiên,CNG
298,Tiện ích,Phân phối khí đốt thiên nhiên,GAS
299,Tiện ích,Phân phối khí đốt thiên nhiên,MTG
300,Tiện ích,Phân phối khí đốt thiên nhiên,PCG
301,Tiện ích,Phân phối khí đốt thiên nhiên,PGC
302,Tiện ích,Phân phối khí đốt thiên nhiên,PGD
303,Tiện ích,Phân phối khí đốt thiên nhiên,PGS
304,Tiện ích,Phân phối khí đốt thiên nhiên,PVG
305,Tiện ích,Phân phối khí đốt thiên nhiên,VMG
306,Xây dựng và Bất động sản,Bất động sản,BAX
307,Xây dựng và Bất động sản,Bất động sản,BCM
308,Xây dựng và Bất động sản,Bất động sản,BII
309,Xây dựng và Bất động sản,Bất động sản,CCL
310,Xây dựng và Bất động sản,Bất động sản,CID
311,Xây dựng và Bất động sản,Bất động sản,CRE
312,Xây dựng và Bất động sản,Bất động sản,DRH
313,Xây dựng và Bất động sản,Bất động sản,DTI
314,Xây dựng và Bất động sản,Bất động sản,DXS
315,Xây dựng và Bất động sản,Bất động sản,FDC
316,Xây dựng và Bất động sản,Bất động sản,FTI
317,Xây dựng và Bất động sản,Bất động sản,HAR
318,Xây dựng và Bất động sản,Bất động sản,HC3
319,Xây dựng và Bất động sản,Bất động sản,HD6
320,Xây dựng và Bất động sản,Bất động sản,HPI
321,Xây dựng và Bất động sản,Bất động sản,HRB
322,Xây dựng và Bất động sản,Bất động sản,HTT
323,Xây dựng và Bất động sản,Bất động sản,HU4
324,Xây dựng và Bất động sản,Bất động sản,IDV
325,Xây dựng và Bất động sản,Bất động sản,ITA
326,Xây dựng và Bất động sản,Bất động sản,KAC
327,Xây dựng và Bất động sản,Bất động sản,KBC
328,Xây dựng và Bất động sản,Bất động sản,KHA
329,Xây dựng và Bất động sản,Bất động sản,KHG
330,Xây dựng và Bất động sản,Bất động sản,KOS
331,Xây dựng và Bất động sản,Bất động sản,LAI
332,Xây dựng và Bất động sản,Bất động sản,LDG
333,Xây dựng và Bất động sản,Bất động sản,LGL
334,Xây dựng và Bất động sản,Bất động sản,LHG
335,Xây dựng và Bất động sản,Bất động sản,MA1
336,Xây dựng và Bất động sản,Bất động sản,MH3
337,Xây dựng và Bất động sản,Bất động sản,NRC
338,Xây dựng và Bất động sản,Bất động sản,NTC
339,Xây dựng và Bất động sản,Bất động sản,PLA
340,Xây dựng và Bất động sản,Bất động sản,PSG
341,Xây dựng và Bất động sản,Bất động sản,PTL
342,Xây dựng và Bất động sản,Bất động sản,PV2
343,Xây dựng và Bất động sản,Bất động sản,PVL
344,Xây dựng và Bất động sản,Bất động sản,PWA
345,Xây dựng và Bất động sản,Bất động sản,PXA
346,Xây dựng và Bất động sản,Bất động sản,PXL
347,Xây dựng và Bất động sản,Bất động sản,SDU
348,Xây dựng và Bất động sản,Bất động sản,SGR
349,Xây dựng và Bất động sản,Bất động sản,SIC
350,Xây dựng và Bất động sản,Bất động sản,SID
351,Xây dựng và Bất động sản,Bất động sản,SJC
352,Xây dựng và Bất động sản,Bất động sản,STL
353,Xây dựng và Bất động sản,Bất động sản,SZB
354,Xây dựng và Bất động sản,Bất động sản,SZC
355,Xây dựng và Bất động sản,Bất động sản,SZG
356,Xây dựng và Bất động sản,Bất động sản,SZL
357,Xây dựng và Bất động sản,Bất động sản,TBH
358,Xây dựng và Bất động sản,Bất động sản,TDH
359,Xây dựng và Bất động sản,Bất động sản,TIG
360,Xây dựng và Bất động sản,Bất động sản,TIP
361,Xây dựng và Bất động sản,Bất động sản,TIX
362,Xây dựng và Bất động sản,Bất động sản,TN1
363,Xây dựng và Bất động sản,Bất động sản,VES
364,Xây dựng và Bất động sản,Bất động sản,VNI
365,Xây dựng và Bất động sản,Bất động sản,VRC
366,Xây dựng và Bất động sản,Bất động sản,VRE
367,Xây dựng và Bất động sản,Bất động sản,VRG
368,Xây dựng và Bất động sản,Bất động sản,XMC
369,Xây dựng và Bất động sản,Nhà thầu chuyên môn,DC2
370,Xây dựng và Bất động sản,Nhà thầu chuyên môn,DFF
371,Xây dựng và Bất động sản,Nhà thầu chuyên môn,FCN
372,Xây dựng và Bất động sản,Nhà thầu chuyên môn,HTN
373,Xây dựng và Bất động sản,Nhà thầu chuyên môn,HVH
374,Xây dựng và Bất động sản,Nhà thầu chuyên môn,L10
375,Xây dựng và Bất động sản,Nhà thầu chuyên môn,L43
376,Xây dựng và Bất động sản,Nhà thầu chuyên môn,L44
377,Xây dựng và Bất động sản,Nhà thầu chuyên môn,L61
378,Xây dựng và Bất động sản,Nhà thầu chuyên môn,L62
379,Xây dựng và Bất động sản,Nhà thầu chuyên môn,LCD
380,Xây dựng và Bất động sản,Nhà thầu chuyên môn,LM7
381,Xây dựng và Bất động sản,Nhà thầu chuyên môn,LM8
382,Xây dựng và Bất động sản,Nhà thầu chuyên môn,LMI
383,Xây dựng và Bất động sản,Nhà thầu chuyên môn,LO5
384,Xây dựng và Bất động sản,Nhà thầu chuyên môn,MEC
385,Xây dựng và Bất động sản,Nhà thầu chuyên môn,PTC
386,Xây dựng và Bất động sản,Nhà thầu chuyên môn,REE
387,Xây dựng và Bất động sản,Nhà thầu chuyên môn,SRF
388,Xây dựng và Bất động sản,Nhà thầu chuyên môn,TST
389,Xây dựng và Bất động sản,Nhà thầu chuyên môn,VCG
390,Xây dựng và Bất động sản,Nhà thầu chuyên môn,VMC
391,Xây dựng và Bất động sản,Phát triển bất động sản,AGG
392,Xây dựng và Bất động sản,Phát triển bất động sản,API
393,Xây dựng và Bất động sản,Phát triển bất động sản,BCE
394,Xây dựng và Bất động sản,Phát triển bất động sản,BVL
395,Xây dựng và Bất động sản,Phát triển bất động sản,C21
396,Xây dựng và Bất động sản,Phát triển bất động sản,CDC
397,Xây dựng và Bất động sản,Phát triển bất động sản,CEO
398,Xây dựng và Bất động sản,Phát triển bất động sản,CIG
399,Xây dựng và Bất động sản,Phát triển bất động sản,CKG
400,Xây dựng và Bất động sản,Phát triển bất động sản,D11
401,Xây dựng và Bất động sản,Phát triển bất động sản,D2D
402,Xây dựng và Bất động sản,Phát triển bất động sản,DIG
403,Xây dựng và Bất động sản,Phát triển bất động sản,DKC
404,Xây dựng và Bất động sản,Phát triển bất động sản,DTA
405,Xây dựng và Bất động sản,Phát triển bất động sản,DXG
406,Xây dựng và Bất động sản,Phát triển bất động sản,EVG
407,Xây dựng và Bất động sản,Phát triển bất động sản,FIR
408,Xây dựng và Bất động sản,Phát triển bất động sản,FLC
409,Xây dựng và Bất động sản,Phát triển bất động sản,HCI
410,Xây dựng và Bất động sản,Phát triển bất động sản,HD2
411,Xây dựng và Bất động sản,Phát triển bất động sản,HD8
412,Xây dựng và Bất động sản,Phát triển bất động sản,HDC
413,Xây dựng và Bất động sản,Phát triển bất động sản,HDG
414,Xây dựng và Bất động sản,Phát triển bất động sản,HLD
415,Xây dựng và Bất động sản,Phát triển bất động sản,HPX
416,Xây dựng và Bất động sản,Phát triển bất động sản,HQC
417,Xây dựng và Bất động sản,Phát triển bất động sản,HU1
418,Xây dựng và Bất động sản,Phát triển bất động sản,HU6
419,Xây dựng và Bất động sản,Phát triển bất động sản,HUT
420,Xây dựng và Bất động sản,Phát triển bất động sản,ICC
421,Xây dựng và Bất động sản,Phát triển bất động sản,ICG
422,Xây dựng và Bất động sản,Phát triển bất động sản,IJC
423,Xây dựng và Bất động sản,Phát triển bất động sản,ITC
424,Xây dựng và Bất động sản,Phát triển bất động sản,KDH
425,Xây dựng và Bất động sản,Phát triển bất động sản,KSF
426,Xây dựng và Bất động sản,Phát triển bất động sản,L14
427,Xây dựng và Bất động sản,Phát triển bất động sản,LSG
428,Xây dựng và Bất động sản,Phát triển bất động sản,MGR
429,Xây dựng và Bất động sản,Phát triển bất động sản,NBB
430,Xây dựng và Bất động sản,Phát triển bất động sản,NDN
431,Xây dựng và Bất động sản,Phát triển bất động sản,NHA
432,Xây dựng và Bất động sản,Phát triển bất động sản,NLG
433,Xây dựng và Bất động sản,Phát triển bất động sản,NTL
434,Xây dựng và Bất động sản,Phát triển bất động sản,NVL
435,Xây dựng và Bất động sản,Phát triển bất động sản,PDR
436,Xây dựng và Bất động sản,Phát triển bất động sản,PNT
437,Xây dựng và Bất động sản,Phát triển bất động sản,PPI
438,Xây dựng và Bất động sản,Phát triển bất động sản,PVV
439,Xây dựng và Bất động sản,Phát triển bất động sản,PXI
440,Xây dựng và Bất động sản,Phát triển bất động sản,QCG
441,Xây dựng và Bất động sản,Phát triển bất động sản,RCL
442,Xây dựng và Bất động sản,Phát triển bất động sản,SCR
443,Xây dựng và Bất động sản,Phát triển bất động sản,SJS
444,Xây dựng và Bất động sản,Phát triển bất động sản,SNZ
445,Xây dựng và Bất động sản,Phát triển bất động sản,SSH
446,Xây dựng và Bất động sản,Phát triển bất động sản,TBR
447,Xây dựng và Bất động sản,Phát triển bất động sản,TCH
448,Xây dựng và Bất động sản,Phát triển bất động sản,TDC
449,Xây dựng và Bất động sản,Phát triển bất động sản,VC3
450,Xây dựng và Bất động sản,Phát triển bất động sản,VC7
451,Xây dựng và Bất động sản,Phát triển bất động sản,VCR
452,Xây dựng và Bất động sản,Phát triển bất động sản,VHD
453,Xây dựng và Bất động sản,Phát triển bất động sản,VHM
454,Xây dựng và Bất động sản,Phát triển bất động sản,VIC
455,Xây dựng và Bất động sản,Phát triển bất động sản,VPH
456,Xây dựng và Bất động sản,Phát triển bất động sản,VPI
457,Xây dựng và Bất động sản,Phát triển bất động sản,XDH
458,Xây dựng và Bất động sản,Xây dựng công nghiệp nặng và dân dụng,ACS
459,Xây dựng và Bất động sản,Xây dựng công nghiệp nặng và dân dụng,ASA
460,Xây dựng và Bất động sản,Xây dựng công nghiệp nặng và dân dụng,B82
461,Xây dựng và Bất động sản,Xây dựng công nghiệp nặng và dân dụng,BCG
462,Xây dựng và Bất động sản,Xây dựng công nghiệp nặng và dân dụng,BMN
463,Xây dựng và Bất động sản,Xây dựng công nghiệp nặng và dân dụng,BOT
464,Xây dựng và Bất động sản,Xây dựng công nghiệp nặng và dân dụng,C12
465,Xây dựng và Bất động sản,Xây dựng công nghiệp nặng và dân dụng,C47
466,Xây dựng và Bất động sản,Xây dựng công nghiệp nặng và dân dụng,C4G
467,Xây dựng và Bất động sản,Xây dựng công nghiệp nặng và dân dụng,C92
468,Xây dựng và Bất động sản,Xây dựng công nghiệp nặng và dân dụng,CC1
469,Xây dựng và Bất động sản,Xây dựng công nghiệp nặng và dân dụng,CDR
470,Xây dựng và Bất động sản,Xây dựng công nghiệp nặng và dân dụng,CI5
471,Xây dựng và Bất động sản,Xây dựng công nghiệp nặng và dân dụng,CII
472,Xây dựng và Bất động sản,Xây dựng công nghiệp nặng và dân dụng,CIP
473,Xây dựng và Bất động sản,Xây dựng công nghiệp nặng và dân dụng,CMS
474,Xây dựng và Bất động sản,Xây dựng công nghiệp nặng và dân dụng,CT3
475,Xây dựng và Bất động sản,Xây dựng công nghiệp nặng và dân dụng,CT6
476,Xây dựng và Bất động sản,Xây dựng công nghiệp nặng và dân dụng,CTI
477,Xây dựng và Bất động sản,Xây dựng công nghiệp nặng và dân dụng,CTN
478,Xây dựng và Bất động sản,Xây dựng công nghiệp nặng và dân dụng,DCF
479,Xây dựng và Bất động sản,Xây dựng công nghiệp nặng và dân dụng,DGT
480,Xây dựng và Bất động sản,Xây dựng công nghiệp nặng và dân dụng,DPG
481,Xây dựng và Bất động sản,Xây dựng công nghiệp nặng và dân dụng,DVW
482,Xây dựng và Bất động sản,Xây dựng công nghiệp nặng và dân dụng,E12
483,Xây dựng và Bất động sản,Xây dựng công nghiệp nặng và dân dụng,G36
484,Xây dựng và Bất động sản,Xây dựng công nghiệp nặng và dân dụng,GH3
485,Xây dựng và Bất động sản,Xây dựng công nghiệp nặng và dân dụng,GTS
486,Xây dựng và Bất động sản,Xây dựng công nghiệp nặng và dân dụng,H11
487,Xây dựng và Bất động sản,Xây dựng công nghiệp nặng và dân dụng,HAS
488,Xây dựng và Bất động sản,Xây dựng công nghiệp nặng và dân dụng,HFB
489,Xây dựng và Bất động sản,Xây dựng công nghiệp nặng và dân dụng,HHR
490,Xây dựng và Bất động sản,Xây dựng công nghiệp nặng và dân dụng,HHV
491,Xây dựng và Bất động sản,Xây dựng công nghiệp nặng và dân dụng,HTE
492,Xây dựng và Bất động sản,Xây dựng công nghiệp nặng và dân dụng,HTI
493,Xây dựng và Bất động sản,Xây dựng công nghiệp nặng và dân dụng,ICN
494,Xây dựng và Bất động sản,Xây dựng công nghiệp nặng và dân dụng,KTT
495,Xây dựng và Bất động sản,Xây dựng công nghiệp nặng và dân dụng,L12
496,Xây dựng và Bất động sản,Xây dựng công nghiệp nặng và dân dụng,L18
497,Xây dựng và Bất động sản,Xây dựng công nghiệp nặng và dân dụng,L35
498,Xây dựng và Bất động sản,Xây dựng công nghiệp nặng và dân dụng,L40
499,Xây dựng và Bất động sản,Xây dựng công nghiệp nặng và dân dụng,LCG
500,Xây dựng và Bất động sản,Xây dựng công nghiệp nặng và dân dụng,LCS
501,Xây dựng và Bất động sản,Xây dựng công nghiệp nặng và dân dụng,LG9
502,Xây dựng và Bất động sản,Xây dựng công nghiệp nặng và dân dụng,LGC
503,Xây dựng và Bất động sản,Xây dựng công nghiệp nặng và dân dụng,LHC
504,Xây dựng và Bất động sản,Xây dựng công nghiệp nặng và dân dụng,LIG
505,Xây dựng và Bất động sản,Xây dựng công nghiệp nặng và dân dụng,LLM
506,Xây dựng và Bất động sản,Xây dựng công nghiệp nặng và dân dụng,LM3
507,Xây dựng và Bất động sản,Xây dựng công nghiệp nặng và dân dụng,LTC
508,Xây dựng và Bất động sản,Xây dựng công nghiệp nặng và dân dụng,LUT
509,Xây dựng và Bất động sản,Xây dựng công nghiệp nặng và dân dụng,MCI
510,Xây dựng và Bất động sản,Xây dựng công nghiệp nặng và dân dụng,MCO
511,Xây dựng và Bất động sản,Xây dựng công nghiệp nặng và dân dụng,MES
512,Xây dựng và Bất động sản,Xây dựng công nghiệp nặng và dân dụng,MST
513,Xây dựng và Bất động sản,Xây dựng công nghiệp nặng và dân dụng,NTB
514,Xây dựng và Bất động sản,Xây dựng công nghiệp nặng và dân dụng,PC1
515,Xây dựng và Bất động sản,Xây dựng công nghiệp nặng và dân dụng,PCC
516,Xây dựng và Bất động sản,Xây dựng công nghiệp nặng và dân dụng,PEN
517,Xây dựng và Bất động sản,Xây dựng công nghiệp nặng và dân dụng,PFL
518,Xây dựng và Bất động sản,Xây dựng công nghiệp nặng và dân dụng,PHC
519,Xây dựng và Bất động sản,Xây dựng công nghiệp nặng và dân dụng,PPS
520,Xây dựng và Bất động sản,Xây dựng công nghiệp nặng và dân dụng,PQN
521,Xây dựng và Bất động sản,Xây dựng công nghiệp nặng và dân dụng,PTO
522,Xây dựng và Bất động sản,Xây dựng công nghiệp nặng và dân dụng,PVH
523,Xây dựng và Bất động sản,Xây dựng công nghiệp nặng và dân dụng,PVX
524,Xây dựng và Bất động sản,Xây dựng công nghiệp nặng và dân dụng,PVY
525,Xây dựng và Bất động sản,Xây dựng công nghiệp nặng và dân dụng,PXC
526,Xây dựng và Bất động sản,Xây dựng công nghiệp nặng và dân dụng,PXS
527,Xây dựng và Bất động sản,Xây dựng công nghiệp nặng và dân dụng,PXT
528,Xây dựng và Bất động sản,Xây dựng công nghiệp nặng và dân dụng,QLD
529,Xây dựng và Bất động sản,Xây dựng công nghiệp nặng và dân dụng,QTC
530,Xây dựng và Bất động sản,Xây dựng công nghiệp nặng và dân dụng,ROS
531,Xây dựng và Bất động sản,Xây dựng công nghiệp nặng và dân dụng,S12
532,Xây dựng và Bất động sản,Xây dựng công nghiệp nặng và dân dụng,S55
533,Xây dựng và Bất động sản,Xây dựng công nghiệp nặng và dân dụng,S99
534,Xây dựng và Bất động sản,Xây dựng công nghiệp nặng và dân dụng,SD2
535,Xây dựng và Bất động sản,Xây dựng công nghiệp nặng và dân dụng,SD4
536,Xây dựng và Bất động sản,Xây dựng công nghiệp nặng và dân dụng,SD5
537,Xây dựng và Bất động sản,Xây dựng công nghiệp nặng và dân dụng,SD6
538,Xây dựng và Bất động sản,Xây dựng công nghiệp nặng và dân dụng,SD7
539,Xây dựng và Bất động sản,Xây dựng công nghiệp nặng và dân dụng,SD8
540,Xây dựng và Bất động sản,Xây dựng công nghiệp nặng và dân dụng,SD9
541,Xây dựng và Bất động sản,Xây dựng công nghiệp nặng và dân dụng,SDD
542,Xây dựng và Bất động sản,Xây dựng công nghiệp nặng và dân dụng,SDT
543,Xây dựng và Bất động sản,Xây dựng công nghiệp nặng và dân dụng,SJE
544,Xây dựng và Bất động sản,Xây dựng công nghiệp nặng và dân dụng,SJG
545,Xây dựng và Bất động sản,Xây dựng công nghiệp nặng và dân dụng,TA3
546,Xây dựng và Bất động sản,Xây dựng công nghiệp nặng và dân dụng,TA6
547,Xây dựng và Bất động sản,Xây dựng công nghiệp nặng và dân dụng,TA9
548,Xây dựng và Bất động sản,Xây dựng công nghiệp nặng và dân dụng,TBT
549,Xây dựng và Bất động sản,Xây dựng công nghiệp nặng và dân dụng,TCD
550,Xây dựng và Bất động sản,Xây dựng công nghiệp nặng và dân dụng,TED
551,Xây dựng và Bất động sản,Xây dựng công nghiệp nặng và dân dụng,TEL
552,Xây dựng và Bất động sản,Xây dựng công nghiệp nặng và dân dụng,TGG
553,Xây dựng và Bất động sản,Xây dựng công nghiệp nặng và dân dụng,THD
554,Xây dựng và Bất động sản,Xây dựng công nghiệp nặng và dân dụng,TNM
555,Xây dựng và Bất động sản,Xây dựng công nghiệp nặng và dân dụng,TTL
556,Xây dựng và Bất động sản,Xây dựng công nghiệp nặng và dân dụng,TV6
557,Xây dựng và Bất động sản,Xây dựng công nghiệp nặng và dân dụng,V15
558,Xây dựng và Bất động sản,Xây dựng công nghiệp nặng và dân dụng,VE1
559,Xây dựng và Bất động sản,Xây dựng công nghiệp nặng và dân dụng,VE2
560,Xây dựng và Bất động sản,Xây dựng công nghiệp nặng và dân dụng,VE3
561,Xây dựng và Bất động sản,Xây dựng công nghiệp nặng và dân dụng,VE4
562,Xây dựng và Bất động sản,Xây dựng công nghiệp nặng và dân dụng,VE8
563,Xây dựng và Bất động sản,Xây dựng công nghiệp nặng và dân dụng,VE9
564,Xây dựng và Bất động sản,Xây dựng công nghiệp nặng và dân dụng,VIW
565,Xây dựng và Bất động sản,Xây dựng công nghiệp nặng và dân dụng,VMI
566,Xây dựng và Bất động sản,Xây dựng công nghiệp nặng và dân dụng,VNE
567,Xây dựng và Bất động sản,Xây dựng công nghiệp nặng và dân dụng,VPC
568,Xây dựng và Bất động sản,Xây dựng công nghiệp nặng và dân dụng,VSE
569,Xây dựng và Bất động sản,Xây dựng công nghiệp nặng và dân dụng,VSI
570,Xây dựng và Bất động sản,Xây dựng công nghiệp nặng và dân dụng,VVN
571,Xây dựng và Bất động sản,Xây dựng công nghiệp nặng và dân dụng,VW3
572,Xây dựng và Bất động sản,Xây dựng công nghiệp nặng và dân dụng,XLV
573,Xây dựng và Bất động sản,"Xây dựng nhà cửa, cao ốc",AME
574,Xây dựng và Bất động sản,"Xây dựng nhà cửa, cao ốc",ATB
575,Xây dựng và Bất động sản,"Xây dựng nhà cửa, cao ốc",BHT
576,Xây dựng và Bất động sản,"Xây dựng nhà cửa, cao ốc",C69
577,Xây dựng và Bất động sản,"Xây dựng nhà cửa, cao ốc",CC4
578,Xây dựng và Bất động sản,"Xây dựng nhà cửa, cao ốc",CH5
579,Xây dựng và Bất động sản,"Xây dựng nhà cửa, cao ốc",CHS
580,Xây dựng và Bất động sản,"Xây dựng nhà cửa, cao ốc",CLG
581,Xây dựng và Bất động sản,"Xây dựng nhà cửa, cao ốc",CSC
582,Xây dựng và Bất động sản,"Xây dựng nhà cửa, cao ốc",CTD
583,Xây dựng và Bất động sản,"Xây dựng nhà cửa, cao ốc",CTX
584,Xây dựng và Bất động sản,"Xây dựng nhà cửa, cao ốc",CX8
585,Xây dựng và Bất động sản,"Xây dựng nhà cửa, cao ốc",DC1
586,Xây dựng và Bất động sản,"Xây dựng nhà cửa, cao ốc",DC4
587,Xây dựng và Bất động sản,"Xây dựng nhà cửa, cao ốc",DIH
588,Xây dựng và Bất động sản,"Xây dựng nhà cửa, cao ốc",DLR
589,Xây dựng và Bất động sản,"Xây dựng nhà cửa, cao ốc",DTD
590,Xây dựng và Bất động sản,"Xây dựng nhà cửa, cao ốc",E29
591,Xây dựng và Bất động sản,"Xây dựng nhà cửa, cao ốc",GTH
592,Xây dựng và Bất động sản,"Xây dựng nhà cửa, cao ốc",HAN
593,Xây dựng và Bất động sản,"Xây dựng nhà cửa, cao ốc",HBC
594,Xây dựng và Bất động sản,"Xây dựng nhà cửa, cao ốc",HC1
595,Xây dựng và Bất động sản,"Xây dựng nhà cửa, cao ốc",HEC
596,Xây dựng và Bất động sản,"Xây dựng nhà cửa, cao ốc",HMS
597,Xây dựng và Bất động sản,"Xây dựng nhà cửa, cao ốc",HU3
598,Xây dựng và Bất động sản,"Xây dựng nhà cửa, cao ốc",HUB
599,Xây dựng và Bất động sản,"Xây dựng nhà cửa, cao ốc",ICI
600,Xây dựng và Bất động sản,"Xây dựng nhà cửa, cao ốc",IDJ
601,Xây dựng và Bất động sản,"Xây dựng nhà cửa, cao ốc",LEC
602,Xây dựng và Bất động sản,"Xây dựng nhà cửa, cao ốc",LIC
603,Xây dựng và Bất động sản,"Xây dựng nhà cửa, cao ốc",ND2
604,Xây dựng và Bất động sản,"Xây dựng nhà cửa, cao ốc",NDX
605,Xây dựng và Bất động sản,"Xây dựng nhà cửa, cao ốc",PHH
606,Xây dựng và Bất động sản,"Xây dựng nhà cửa, cao ốc",PTD
607,Xây dựng và Bất động sản,"Xây dựng nhà cửa, cao ốc",PVA
608,Xây dựng và Bất động sản,"Xây dựng nhà cửa, cao ốc",QCC
609,Xây dựng và Bất động sản,"Xây dựng nhà cửa, cao ốc",RCD
610,Xây dựng và Bất động sản,"Xây dựng nhà cửa, cao ốc",S96
611,Xây dựng và Bất động sản,"Xây dựng nhà cửa, cao ốc",SC5
612,Xây dựng và Bất động sản,"Xây dựng nhà cửa, cao ốc",SCG
613,Xây dựng và Bất động sản,"Xây dựng nhà cửa, cao ốc",SCI
614,Xây dựng và Bất động sản,"Xây dựng nhà cửa, cao ốc",SD1
615,Xây dựng và Bất động sản,"Xây dựng nhà cửa, cao ốc",SDB
616,Xây dựng và Bất động sản,"Xây dựng nhà cửa, cao ốc",SDJ
617,Xây dựng và Bất động sản,"Xây dựng nhà cửa, cao ốc",SDX
618,Xây dựng và Bất động sản,"Xây dựng nhà cửa, cao ốc",SHG
619,Xây dựng và Bất động sản,"Xây dựng nhà cửa, cao ốc",SJM
620,Xây dựng và Bất động sản,"Xây dựng nhà cửa, cao ốc",TKC
621,Xây dựng và Bất động sản,"Xây dựng nhà cửa, cao ốc",TL4
622,Xây dựng và Bất động sản,"Xây dựng nhà cửa, cao ốc",TS3
623,Xây dựng và Bất động sản,"Xây dựng nhà cửa, cao ốc",UDC
624,Xây dựng và Bất động sản,"Xây dựng nhà cửa, cao ốc",UDJ
625,Xây dựng và Bất động sản,"Xây dựng nhà cửa, cao ốc",V11
626,Xây dựng và Bất động sản,"Xây dựng nhà cửa, cao ốc",V12
627,Xây dựng và Bất động sản,"Xây dựng nhà cửa, cao ốc",V21
628,Xây dựng và Bất động sản,"Xây dựng nhà cửa, cao ốc",VC1
629,Xây dựng và Bất động sản,"Xây dựng nhà cửa, cao ốc",VC2
630,Xây dựng và Bất động sản,"Xây dựng nhà cửa, cao ốc",VC5
631,Xây dựng và Bất động sản,"Xây dựng nhà cửa, cao ốc",VC6
632,Xây dựng và Bất động sản,"Xây dựng nhà cửa, cao ốc",VC9
633,Xây dựng và Bất động sản,"Xây dựng nhà cửa, cao ốc",VCC
634,Xây dựng và Bất động sản,"Xây dựng nhà cửa, cao ốc",VXB
635,Sản xuất,In ấn và các hoạt động hỗ trợ,HTP
636,Sản xuất,In ấn và các hoạt động hỗ trợ,IBD
637,Sản xuất,In ấn và các hoạt động hỗ trợ,IHK
638,Sản xuất,In ấn và các hoạt động hỗ trợ,IN4
639,Sản xuất,In ấn và các hoạt động hỗ trợ,SAP
640,Sản xuất,In ấn và các hoạt động hỗ trợ,VPR
641,Sản xuất,Sản xuất các sản phẩm da và liên quan,A32
642,Sản xuất,Sản xuất các sản phẩm da và liên quan,GTD
643,Sản xuất,Sản xuất các sản phẩm dệt,KMR
644,Sản xuất,Sản xuất các sản phẩm dệt,NDT
645,Sản xuất,"Sản xuất các sản phẩm điện tử, vi tính",BEL
646,Sản xuất,"Sản xuất các sản phẩm điện tử, vi tính",DLG
647,Sản xuất,"Sản xuất các sản phẩm điện tử, vi tính",PCM
648,Sản xuất,"Sản xuất các sản phẩm điện tử, vi tính",POT
649,Sản xuất,"Sản xuất các sản phẩm điện tử, vi tính",SMT
650,Sản xuất,"Sản xuất các sản phẩm điện tử, vi tính",VBH
651,Sản xuất,"Sản xuất các sản phẩm điện tử, vi tính",VTB
652,Sản xuất,"Sản xuất các sản phẩm điện tử, vi tính",VTE
653,Sản xuất,Sản xuất các sản phẩm gỗ,ACG
654,Sản xuất,Sản xuất các sản phẩm gỗ,BKG
655,Sản xuất,Sản xuất các sản phẩm gỗ,CHC
656,Sản xuất,Sản xuất các sản phẩm gỗ,FRC
657,Sản xuất,Sản xuất các sản phẩm gỗ,GTA
658,Sản xuất,Sản xuất các sản phẩm gỗ,MDF
659,Sản xuất,Sản xuất các sản phẩm gỗ,NHT
660,Sản xuất,Sản xuất các sản phẩm gỗ,PIS
661,Sản xuất,Sản xuất các sản phẩm gỗ,PTB
662,Sản xuất,Sản xuất các sản phẩm gỗ,TLD
663,Sản xuất,Sản xuất các sản phẩm gỗ,TMW
664,Sản xuất,Sản xuất các sản phẩm gỗ,TQN
665,Sản xuất,Sản xuất các sản phẩm gỗ,XHC
666,Sản xuất,Sản xuất các sản phẩm kim loại cơ bản,BCA
667,Sản xuất,Sản xuất các sản phẩm kim loại cơ bản,CBI
668,Sản xuất,Sản xuất các sản phẩm kim loại cơ bản,DTL
669,Sản xuất,Sản xuất các sản phẩm kim loại cơ bản,HLA
670,Sản xuất,Sản xuất các sản phẩm kim loại cơ bản,HPG
671,Sản xuất,Sản xuất các sản phẩm kim loại cơ bản,HSG
672,Sản xuất,Sản xuất các sản phẩm kim loại cơ bản,KKC
673,Sản xuất,Sản xuất các sản phẩm kim loại cơ bản,NKG
674,Sản xuất,Sản xuất các sản phẩm kim loại cơ bản,NSH
675,Sản xuất,Sản xuất các sản phẩm kim loại cơ bản,PAS
676,Sản xuất,Sản xuất các sản phẩm kim loại cơ bản,POM
677,Sản xuất,Sản xuất các sản phẩm kim loại cơ bản,TDS
678,Sản xuất,Sản xuất các sản phẩm kim loại cơ bản,TIS
679,Sản xuất,Sản xuất các sản phẩm kim loại cơ bản,TKU
680,Sản xuất,Sản xuất các sản phẩm kim loại cơ bản,TNB
681,Sản xuất,Sản xuất các sản phẩm kim loại cơ bản,TNS
682,Sản xuất,Sản xuất các sản phẩm kim loại cơ bản,TTS
683,Sản xuất,Sản xuất các sản phẩm kim loại cơ bản,TVN
684,Sản xuất,Sản xuất các sản phẩm kim loại cơ bản,VCA
685,Sản xuất,Sản xuất các sản phẩm kim loại cơ bản,VDT
686,Sản xuất,Sản xuất các sản phẩm kim loại cơ bản,VGL
687,Sản xuất,Sản xuất các sản phẩm kim loại cơ bản,VGS
688,Sản xuất,Sản xuất các sản phẩm may mặc,AG1
689,Sản xuất,Sản xuất các sản phẩm may mặc,BDG
690,Sản xuất,Sản xuất các sản phẩm may mặc,BMG
691,Sản xuất,Sản xuất các sản phẩm may mặc,DCG
692,Sản xuất,Sản xuất các sản phẩm may mặc,DM7
693,Sản xuất,Sản xuất các sản phẩm may mặc,EVE
694,Sản xuất,Sản xuất các sản phẩm may mặc,GIL
695,Sản xuất,Sản xuất các sản phẩm may mặc,GMC
696,Sản xuất,Sản xuất các sản phẩm may mặc,HCB
697,Sản xuất,Sản xuất các sản phẩm may mặc,HDM
698,Sản xuất,Sản xuất các sản phẩm may mặc,HNI
699,Sản xuất,Sản xuất các sản phẩm may mặc,HSM
700,Sản xuất,Sản xuất các sản phẩm may mặc,HUG
701,Sản xuất,Sản xuất các sản phẩm may mặc,LGM
702,Sản xuất,Sản xuất các sản phẩm may mặc,M10
703,Sản xuất,Sản xuất các sản phẩm may mặc,MGG
704,Sản xuất,Sản xuất các sản phẩm may mặc,MNB
705,Sản xuất,Sản xuất các sản phẩm may mặc,MPT
706,Sản xuất,Sản xuất các sản phẩm may mặc,MSH
707,Sản xuất,Sản xuất các sản phẩm may mặc,NJC
708,Sản xuất,Sản xuất các sản phẩm may mặc,PTG
709,Sản xuất,Sản xuất các sản phẩm may mặc,SGI
710,Sản xuất,Sản xuất các sản phẩm may mặc,SSF
711,Sản xuất,Sản xuất các sản phẩm may mặc,TCM
712,Sản xuất,Sản xuất các sản phẩm may mặc,TDT
713,Sản xuất,Sản xuất các sản phẩm may mặc,TET
714,Sản xuất,Sản xuất các sản phẩm may mặc,TLI
715,Sản xuất,Sản xuất các sản phẩm may mặc,TNG
716,Sản xuất,Sản xuất các sản phẩm may mặc,TTG
717,Sản xuất,Sản xuất các sản phẩm may mặc,VDN
718,Sản xuất,Sản xuất các sản phẩm may mặc,VGG
719,Sản xuất,Sản xuất các sản phẩm may mặc,VGT
720,Sản xuất,Sản xuất các sản phẩm may mặc,X20
721,Sản xuất,Sản xuất các sản phẩm may mặc,X26
722,Sản xuất,Sản xuất các sản phẩm nhựa cao su,AAA
723,Sản xuất,Sản xuất các sản phẩm nhựa cao su,ALT
724,Sản xuất,Sản xuất các sản phẩm nhựa cao su,APH
725,Sản xuất,Sản xuất các sản phẩm nhựa cao su,BBH
726,Sản xuất,Sản xuất các sản phẩm nhựa cao su,BMP
727,Sản xuất,Sản xuất các sản phẩm nhựa cao su,BRC
728,Sản xuất,Sản xuất các sản phẩm nhựa cao su,CSM
729,Sản xuất,Sản xuất các sản phẩm nhựa cao su,DAG
730,Sản xuất,Sản xuất các sản phẩm nhựa cao su,DNP
731,Sản xuất,Sản xuất các sản phẩm nhựa cao su,DPC
732,Sản xuất,Sản xuất các sản phẩm nhựa cao su,DRC
733,Sản xuất,Sản xuất các sản phẩm nhựa cao su,DTT
734,Sản xuất,Sản xuất các sản phẩm nhựa cao su,GER
735,Sản xuất,Sản xuất các sản phẩm nhựa cao su,HCD
736,Sản xuất,Sản xuất các sản phẩm nhựa cao su,HNP
737,Sản xuất,Sản xuất các sản phẩm nhựa cao su,MRF
738,Sản xuất,Sản xuất các sản phẩm nhựa cao su,NHP
739,Sản xuất,Sản xuất các sản phẩm nhựa cao su,NNG
740,Sản xuất,Sản xuất các sản phẩm nhựa cao su,NSG
741,Sản xuất,Sản xuất các sản phẩm nhựa cao su,NTP
742,Sản xuất,Sản xuất các sản phẩm nhựa cao su,PBP
743,Sản xuất,Sản xuất các sản phẩm nhựa cao su,PBT
744,Sản xuất,Sản xuất các sản phẩm nhựa cao su,PCH
745,Sản xuất,Sản xuất các sản phẩm nhựa cao su,PMP
746,Sản xuất,Sản xuất các sản phẩm nhựa cao su,RBC
747,Sản xuất,Sản xuất các sản phẩm nhựa cao su,RDP
748,Sản xuất,Sản xuất các sản phẩm nhựa cao su,SFN
749,Sản xuất,Sản xuất các sản phẩm nhựa cao su,SPA
750,Sản xuất,Sản xuất các sản phẩm nhựa cao su,SPP
751,Sản xuất,Sản xuất các sản phẩm nhựa cao su,SRC
752,Sản xuất,Sản xuất các sản phẩm nhựa cao su,TDP
753,Sản xuất,Sản xuất các sản phẩm nhựa cao su,TKA
754,Sản xuất,Sản xuất các sản phẩm nhựa cao su,TPC
755,Sản xuất,Sản xuất các sản phẩm nhựa cao su,TPP
756,Sản xuất,Sản xuất các sản phẩm nhựa cao su,TTP
757,Sản xuất,Sản xuất các sản phẩm nhựa cao su,VKP
758,Sản xuất,Sản xuất các sản phẩm nhựa cao su,VNP
759,Sản xuất,Sản xuất các sản phẩm nhựa cao su,VTZ
760,Sản xuất,Sản xuất đồ uống và thuốc lá,BAL
761,Sản xuất,Sản xuất đồ uống và thuốc lá,BBM
762,Sản xuất,Sản xuất đồ uống và thuốc lá,BHK
763,Sản xuất,Sản xuất đồ uống và thuốc lá,BHN
764,Sản xuất,Sản xuất đồ uống và thuốc lá,BHP
765,Sản xuất,Sản xuất đồ uống và thuốc lá,BQB
766,Sản xuất,Sản xuất đồ uống và thuốc lá,BSD
767,Sản xuất,Sản xuất đồ uống và thuốc lá,BSH
768,Sản xuất,Sản xuất đồ uống và thuốc lá,BSL
769,Sản xuất,Sản xuất đồ uống và thuốc lá,BSP
770,Sản xuất,Sản xuất đồ uống và thuốc lá,BSQ
771,Sản xuất,Sản xuất đồ uống và thuốc lá,BTB
772,Sản xuất,Sản xuất đồ uống và thuốc lá,CLC
773,Sản xuất,Sản xuất đồ uống và thuốc lá,HAD
774,Sản xuất,Sản xuất đồ uống và thuốc lá,HAV
775,Sản xuất,Sản xuất đồ uống và thuốc lá,HBH
776,Sản xuất,Sản xuất đồ uống và thuốc lá,HJC
777,Sản xuất,Sản xuất đồ uống và thuốc lá,HLB
778,Sản xuất,Sản xuất đồ uống và thuốc lá,HNR
779,Sản xuất,Sản xuất đồ uống và thuốc lá,NST
780,Sản xuất,Sản xuất đồ uống và thuốc lá,QHW
781,Sản xuất,Sản xuất đồ uống và thuốc lá,SAB
782,Sản xuất,Sản xuất đồ uống và thuốc lá,SB1
783,Sản xuất,Sản xuất đồ uống và thuốc lá,SCD
784,Sản xuất,Sản xuất đồ uống và thuốc lá,SKH
785,Sản xuất,Sản xuất đồ uống và thuốc lá,SKN
786,Sản xuất,Sản xuất đồ uống và thuốc lá,SKV
787,Sản xuất,Sản xuất đồ uống và thuốc lá,SMB
788,Sản xuất,Sản xuất đồ uống và thuốc lá,THB
789,Sản xuất,Sản xuất đồ uống và thuốc lá,VCF
790,Sản xuất,Sản xuất đồ uống và thuốc lá,VDL
791,Sản xuất,Sản xuất đồ uống và thuốc lá,VKD
792,Sản xuất,Sản xuất đồ uống và thuốc lá,VTL
793,Sản xuất,Sản xuất đồ uống và thuốc lá,WSB
794,Sản xuất,Sản xuất giấy,BBS
795,Sản xuất,Sản xuất giấy,BPC
796,Sản xuất,Sản xuất giấy,BTG
797,Sản xuất,Sản xuất giấy,BXH
798,Sản xuất,Sản xuất giấy,CAP
799,Sản xuất,Sản xuất giấy,DHC
800,Sản xuất,Sản xuất giấy,GVT
801,Sản xuất,Sản xuất giấy,HAP
802,Sản xuất,Sản xuất giấy,HBD
803,Sản xuất,Sản xuất giấy,HHP
804,Sản xuất,Sản xuất giấy,HKP
805,Sản xuất,Sản xuất giấy,HPB
806,Sản xuất,Sản xuất giấy,INN
807,Sản xuất,Sản xuất giấy,SDG
808,Sản xuất,Sản xuất giấy,STP
809,Sản xuất,Sản xuất giấy,SVI
810,Sản xuất,Sản xuất giấy,VBC
811,Sản xuất,"Sản xuất hóa chất, dược phẩm",ADP
812,Sản xuất,"Sản xuất hóa chất, dược phẩm",AGP
813,Sản xuất,"Sản xuất hóa chất, dược phẩm",BCP
814,Sản xuất,"Sản xuất hóa chất, dược phẩm",BFC
815,Sản xuất,"Sản xuất hóa chất, dược phẩm",BIO
816,Sản xuất,"Sản xuất hóa chất, dược phẩm",BRR
817,Sản xuất,"Sản xuất hóa chất, dược phẩm",BT1
818,Sản xuất,"Sản xuất hóa chất, dược phẩm",CPC
819,Sản xuất,"Sản xuất hóa chất, dược phẩm",CSV
820,Sản xuất,"Sản xuất hóa chất, dược phẩm",DAN
821,Sản xuất,"Sản xuất hóa chất, dược phẩm",DBD
822,Sản xuất,"Sản xuất hóa chất, dược phẩm",DBM
823,Sản xuất,"Sản xuất hóa chất, dược phẩm",DCL
824,Sản xuất,"Sản xuất hóa chất, dược phẩm",DCM
825,Sản xuất,"Sản xuất hóa chất, dược phẩm",DDV
826,Sản xuất,"Sản xuất hóa chất, dược phẩm",DGC
827,Sản xuất,"Sản xuất hóa chất, dược phẩm",DHB
828,Sản xuất,"Sản xuất hóa chất, dược phẩm",DHD
829,Sản xuất,"Sản xuất hóa chất, dược phẩm",DHG
830,Sản xuất,"Sản xuất hóa chất, dược phẩm",DHN
831,Sản xuất,"Sản xuất hóa chất, dược phẩm",DHT
832,Sản xuất,"Sản xuất hóa chất, dược phẩm",DMC
833,Sản xuất,"Sản xuất hóa chất, dược phẩm",DOC
834,Sản xuất,"Sản xuất hóa chất, dược phẩm",DP2
835,Sản xuất,"Sản xuất hóa chất, dược phẩm",DP3
836,Sản xuất,"Sản xuất hóa chất, dược phẩm",DPD
837,Sản xuất,"Sản xuất hóa chất, dược phẩm",DPH
838,Sản xuất,"Sản xuất hóa chất, dược phẩm",DPM
839,Sản xuất,"Sản xuất hóa chất, dược phẩm",DPR
840,Sản xuất,"Sản xuất hóa chất, dược phẩm",DRI
841,Sản xuất,"Sản xuất hóa chất, dược phẩm",DTG
842,Sản xuất,"Sản xuất hóa chất, dược phẩm",DTH
843,Sản xuất,"Sản xuất hóa chất, dược phẩm",DTP
844,Sản xuất,"Sản xuất hóa chất, dược phẩm",DVG
845,Sản xuất,"Sản xuất hóa chất, dược phẩm",DVM
846,Sản xuất,"Sản xuất hóa chất, dược phẩm",DVN
847,Sản xuất,"Sản xuất hóa chất, dược phẩm",FIT
848,Sản xuất,"Sản xuất hóa chất, dược phẩm",GVR
849,Sản xuất,"Sản xuất hóa chất, dược phẩm",HDA
850,Sản xuất,"Sản xuất hóa chất, dược phẩm",HDP
851,Sản xuất,"Sản xuất hóa chất, dược phẩm",HII
852,Sản xuất,"Sản xuất hóa chất, dược phẩm",HPH
853,Sản xuất,"Sản xuất hóa chất, dược phẩm",HPP
854,Sản xuất,"Sản xuất hóa chất, dược phẩm",HRC
855,Sản xuất,"Sản xuất hóa chất, dược phẩm",HSI
856,Sản xuất,"Sản xuất hóa chất, dược phẩm",HSP
857,Sản xuất,"Sản xuất hóa chất, dược phẩm",HVT
858,Sản xuất,"Sản xuất hóa chất, dược phẩm",IMP
859,Sản xuất,"Sản xuất hóa chất, dược phẩm",IRC
860,Sản xuất,"Sản xuất hóa chất, dược phẩm",LAS
861,Sản xuất,"Sản xuất hóa chất, dược phẩm",LDP
862,Sản xuất,"Sản xuất hóa chất, dược phẩm",LIX
863,Sản xuất,"Sản xuất hóa chất, dược phẩm",LTG
864,Sản xuất,"Sản xuất hóa chất, dược phẩm",MED
865,Sản xuất,"Sản xuất hóa chất, dược phẩm",MKP
866,Sản xuất,"Sản xuất hóa chất, dược phẩm",MKV
867,Sản xuất,"Sản xuất hóa chất, dược phẩm",MTP
868,Sản xuất,"Sản xuất hóa chất, dược phẩm",NDC
869,Sản xuất,"Sản xuất hóa chất, dược phẩm",NDP
870,Sản xuất,"Sản xuất hóa chất, dược phẩm",NET
871,Sản xuất,"Sản xuất hóa chất, dược phẩm",NFC
872,Sản xuất,"Sản xuất hóa chất, dược phẩm",NTF
873,Sản xuất,"Sản xuất hóa chất, dược phẩm",OPC
874,Sản xuất,"Sản xuất hóa chất, dược phẩm",PBC
875,Sản xuất,"Sản xuất hóa chất, dược phẩm",PCE
876,Sản xuất,"Sản xuất hóa chất, dược phẩm",PGN
877,Sản xuất,"Sản xuất hóa chất, dược phẩm",PHR
878,Sản xuất,"Sản xuất hóa chất, dược phẩm",PLP
879,Sản xuất,"Sản xuất hóa chất, dược phẩm",PMB
880,Sản xuất,"Sản xuất hóa chất, dược phẩm",PMC
881,Sản xuất,"Sản xuất hóa chất, dược phẩm",PPP
882,Sản xuất,"Sản xuất hóa chất, dược phẩm",RTB
883,Sản xuất,"Sản xuất hóa chất, dược phẩm",SBR
884,Sản xuất,"Sản xuất hóa chất, dược phẩm",SDN
885,Sản xuất,"Sản xuất hóa chất, dược phẩm",SFG
886,Sản xuất,"Sản xuất hóa chất, dược phẩm",SIV
887,Sản xuất,"Sản xuất hóa chất, dược phẩm",SPC
888,Sản xuất,"Sản xuất hóa chất, dược phẩm",SPM
889,Sản xuất,"Sản xuất hóa chất, dược phẩm",TNC
890,Sản xuất,"Sản xuất hóa chất, dược phẩm",TRA
891,Sản xuất,"Sản xuất hóa chất, dược phẩm",TRC
892,Sản xuất,"Sản xuất hóa chất, dược phẩm",TVP
893,Sản xuất,"Sản xuất hóa chất, dược phẩm",TW3
894,Sản xuất,"Sản xuất hóa chất, dược phẩm",UPH
895,Sản xuất,"Sản xuất hóa chất, dược phẩm",VAF
896,Sản xuất,"Sản xuất hóa chất, dược phẩm",VDP
897,Sản xuất,"Sản xuất hóa chất, dược phẩm",VET
898,Sản xuất,"Sản xuất hóa chất, dược phẩm",VHG
899,Sản xuất,"Sản xuất hóa chất, dược phẩm",VNY
900,Sản xuất,"Sản xuất hóa chất, dược phẩm",VPS
901,Sản xuất,"Sản xuất hóa chất, dược phẩm",VTQ
902,Sản xuất,"Sản xuất hóa chất, dược phẩm",VXP
903,Sản xuất,"Sản xuất hóa chất, dược phẩm",XPH
904,Sản xuất,Sản xuất khác,BBT
905,Sản xuất,Sản xuất khác,CET
906,Sản xuất,Sản xuất khác,DNM
907,Sản xuất,Sản xuất khác,PRT
908,Sản xuất,Sản xuất khác,S27
909,Sản xuất,Sản xuất khác,SBV
910,Sản xuất,Sản xuất khác,SVG
911,Sản xuất,Sản xuất khác,TLG
912,Sản xuất,Sản xuất phương tiện vận tải,FBC
913,Sản xuất,Sản xuất phương tiện vận tải,FSO
914,Sản xuất,Sản xuất phương tiện vận tải,GGG
915,Sản xuất,Sản xuất phương tiện vận tải,KTL
916,Sản xuất,Sản xuất phương tiện vận tải,SCY
917,Sản xuất,Sản xuất phương tiện vận tải,SVT
918,Sản xuất,Sản xuất phương tiện vận tải,TMT
919,Sản xuất,Sản xuất phương tiện vận tải,VMA
920,Sản xuất,Sản xuất sản phẩm kim loại tổng hợp,BVG
921,Sản xuất,Sản xuất sản phẩm kim loại tổng hợp,CKA
922,Sản xuất,Sản xuất sản phẩm kim loại tổng hợp,CKD
923,Sản xuất,Sản xuất sản phẩm kim loại tổng hợp,DFC
924,Sản xuất,Sản xuất sản phẩm kim loại tổng hợp,ITQ
925,Sản xuất,Sản xuất sản phẩm kim loại tổng hợp,KVC
926,Sản xuất,Sản xuất sản phẩm kim loại tổng hợp,MCP
927,Sản xuất,Sản xuất sản phẩm kim loại tổng hợp,MEF
928,Sản xuất,Sản xuất sản phẩm kim loại tổng hợp,PEC
929,Sản xuất,Sản xuất sản phẩm kim loại tổng hợp,PMS
930,Sản xuất,Sản xuất sản phẩm kim loại tổng hợp,PNJ
931,Sản xuất,Sản xuất sản phẩm kim loại tổng hợp,SHI
932,Sản xuất,Sản xuất sản phẩm kim loại tổng hợp,SSM
933,Sản xuất,Sản xuất sản phẩm khoáng chất phi kim,ACC
934,Sản xuất,Sản xuất sản phẩm khoáng chất phi kim,ACE
935,Sản xuất,Sản xuất sản phẩm khoáng chất phi kim,BCC
936,Sản xuất,Sản xuất sản phẩm khoáng chất phi kim,BDT
937,Sản xuất,Sản xuất sản phẩm khoáng chất phi kim,BHC
938,Sản xuất,Sản xuất sản phẩm khoáng chất phi kim,BT6
939,Sản xuất,Sản xuất sản phẩm khoáng chất phi kim,BTD
940,Sản xuất,Sản xuất sản phẩm khoáng chất phi kim,BTN
941,Sản xuất,Sản xuất sản phẩm khoáng chất phi kim,BTS
942,Sản xuất,Sản xuất sản phẩm khoáng chất phi kim,CCM
943,Sản xuất,Sản xuất sản phẩm khoáng chất phi kim,CDG
944,Sản xuất,Sản xuất sản phẩm khoáng chất phi kim,CGV
945,Sản xuất,Sản xuất sản phẩm khoáng chất phi kim,CLH
946,Sản xuất,Sản xuất sản phẩm khoáng chất phi kim,CQT
947,Sản xuất,Sản xuất sản phẩm khoáng chất phi kim,CRC
948,Sản xuất,Sản xuất sản phẩm khoáng chất phi kim,CVT
949,Sản xuất,Sản xuất sản phẩm khoáng chất phi kim,CYC
950,Sản xuất,Sản xuất sản phẩm khoáng chất phi kim,DAC
951,Sản xuất,Sản xuất sản phẩm khoáng chất phi kim,DCR
952,Sản xuất,Sản xuất sản phẩm khoáng chất phi kim,DCT
953,Sản xuất,Sản xuất sản phẩm khoáng chất phi kim,DID
954,Sản xuất,Sản xuất sản phẩm khoáng chất phi kim,DND
955,Sản xuất,Sản xuất sản phẩm khoáng chất phi kim,DSG
956,Sản xuất,Sản xuất sản phẩm khoáng chất phi kim,DTC
957,Sản xuất,Sản xuất sản phẩm khoáng chất phi kim,EME
958,Sản xuất,Sản xuất sản phẩm khoáng chất phi kim,FCM
959,Sản xuất,Sản xuất sản phẩm khoáng chất phi kim,FIC
960,Sản xuất,Sản xuất sản phẩm khoáng chất phi kim,GAB
961,Sản xuất,Sản xuất sản phẩm khoáng chất phi kim,GKM
962,Sản xuất,Sản xuất sản phẩm khoáng chất phi kim,GMH
963,Sản xuất,Sản xuất sản phẩm khoáng chất phi kim,GMX
964,Sản xuất,Sản xuất sản phẩm khoáng chất phi kim,GND
965,Sản xuất,Sản xuất sản phẩm khoáng chất phi kim,HCC
966,Sản xuất,Sản xuất sản phẩm khoáng chất phi kim,HLY
967,Sản xuất,Sản xuất sản phẩm khoáng chất phi kim,HOM
968,Sản xuất,Sản xuất sản phẩm khoáng chất phi kim,HT1
969,Sản xuất,Sản xuất sản phẩm khoáng chất phi kim,HVX
970,Sản xuất,Sản xuất sản phẩm khoáng chất phi kim,KCE
971,Sản xuất,Sản xuất sản phẩm khoáng chất phi kim,KHD
972,Sản xuất,Sản xuất sản phẩm khoáng chất phi kim,KHL
973,Sản xuất,Sản xuất sản phẩm khoáng chất phi kim,LBM
974,Sản xuất,Sản xuất sản phẩm khoáng chất phi kim,LCC
975,Sản xuất,Sản xuất sản phẩm khoáng chất phi kim,LMC
976,Sản xuất,Sản xuất sản phẩm khoáng chất phi kim,LQN
977,Sản xuất,Sản xuất sản phẩm khoáng chất phi kim,MCC
978,Sản xuất,Sản xuất sản phẩm khoáng chất phi kim,NHC
979,Sản xuất,Sản xuất sản phẩm khoáng chất phi kim,PAT
980,Sản xuất,Sản xuất sản phẩm khoáng chất phi kim,PDB
981,Sản xuất,Sản xuất sản phẩm khoáng chất phi kim,PTE
982,Sản xuất,Sản xuất sản phẩm khoáng chất phi kim,PX1
983,Sản xuất,Sản xuất sản phẩm khoáng chất phi kim,QNC
984,Sản xuất,Sản xuất sản phẩm khoáng chất phi kim,S74
985,Sản xuất,Sản xuất sản phẩm khoáng chất phi kim,SCC
986,Sản xuất,Sản xuất sản phẩm khoáng chất phi kim,SCJ
987,Sản xuất,Sản xuất sản phẩm khoáng chất phi kim,SCL
988,Sản xuất,Sản xuất sản phẩm khoáng chất phi kim,SDY
989,Sản xuất,Sản xuất sản phẩm khoáng chất phi kim,TBX
990,Sản xuất,Sản xuất sản phẩm khoáng chất phi kim,TCR
991,Sản xuất,Sản xuất sản phẩm khoáng chất phi kim,TDF
992,Sản xuất,Sản xuất sản phẩm khoáng chất phi kim,TEG
993,Sản xuất,Sản xuất sản phẩm khoáng chất phi kim,THG
994,Sản xuất,Sản xuất sản phẩm khoáng chất phi kim,TLT
995,Sản xuất,Sản xuất sản phẩm khoáng chất phi kim,TRT
996,Sản xuất,Sản xuất sản phẩm khoáng chất phi kim,TTC
997,Sản xuất,Sản xuất sản phẩm khoáng chất phi kim,TXM
998,Sản xuất,Sản xuất sản phẩm khoáng chất phi kim,VCS
999,Sản xuất,Sản xuất sản phẩm khoáng chất phi kim,VCX
1000,Sản xuất,Sản xuất sản phẩm khoáng chất phi kim,VHH
1001,Sản xuất,Sản xuất sản phẩm khoáng chất phi kim,VHL
1002,Sản xuất,Sản xuất sản phẩm khoáng chất phi kim,VIH
1003,Sản xuất,Sản xuất sản phẩm khoáng chất phi kim,VIT
1004,Sản xuất,Sản xuất sản phẩm khoáng chất phi kim,VTA
1005,Sản xuất,Sản xuất sản phẩm khoáng chất phi kim,VTS
1006,Sản xuất,Sản xuất sản phẩm khoáng chất phi kim,X77
1007,Sản xuất,Sản xuất sản phẩm khoáng chất phi kim,XMD
1008,Sản xuất,Sản xuất sản phẩm khoáng chất phi kim,YBC
1009,Sản xuất,Sản xuất sản phẩm khoáng chất phi kim,YBM
1010,Sản xuất,"Sản xuất sợi, vải",ADS
1011,Sản xuất,"Sản xuất sợi, vải",BVN
1012,Sản xuất,"Sản xuất sợi, vải",FTM
1013,Sản xuất,"Sản xuất sợi, vải",G20
1014,Sản xuất,"Sản xuất sợi, vải",HLT
1015,Sản xuất,"Sản xuất sợi, vải",HTG
1016,Sản xuất,"Sản xuất sợi, vải",NTT
1017,Sản xuất,"Sản xuất sợi, vải",PPH
1018,Sản xuất,"Sản xuất sợi, vải",SPB
1019,Sản xuất,"Sản xuất sợi, vải",STK
1020,Sản xuất,"Sản xuất sợi, vải",SVD
1021,Sản xuất,"Sản xuất sợi, vải",TVT
1022,Sản xuất,"Sản xuất sợi, vải",VTI
1023,Sản xuất,"Sản xuất thiết bị, máy móc",AMS
1024,Sản xuất,"Sản xuất thiết bị, máy móc",CE1
1025,Sản xuất,"Sản xuất thiết bị, máy móc",CEG
1026,Sản xuất,"Sản xuất thiết bị, máy móc",CJC
1027,Sản xuất,"Sản xuất thiết bị, máy móc",CTB
1028,Sản xuất,"Sản xuất thiết bị, máy móc",CTT
1029,Sản xuất,"Sản xuất thiết bị, máy móc",DZM
1030,Sản xuất,"Sản xuất thiết bị, máy móc",EMG
1031,Sản xuất,"Sản xuất thiết bị, máy móc",FT1
1032,Sản xuất,"Sản xuất thiết bị, máy móc",HEM
1033,Sản xuất,"Sản xuất thiết bị, máy móc",IME
1034,Sản xuất,"Sản xuất thiết bị, máy móc",MCG
1035,Sản xuất,"Sản xuất thiết bị, máy móc",MIE
1036,Sản xuất,"Sản xuất thiết bị, máy móc",NAG
1037,Sản xuất,"Sản xuất thiết bị, máy móc",NHH
1038,Sản xuất,"Sản xuất thiết bị, máy móc",PVM
1039,Sản xuất,"Sản xuất thiết bị, máy móc",QHD
1040,Sản xuất,"Sản xuất thiết bị, máy móc",SDK
1041,Sản xuất,"Sản xuất thiết bị, máy móc",SHE
1042,Sản xuất,"Sản xuất thiết bị, máy móc",TB8
1043,Sản xuất,"Sản xuất thiết bị, máy móc",TCK
1044,Sản xuất,"Sản xuất thiết bị, máy móc",THI
1045,Sản xuất,"Sản xuất thiết bị, máy móc",VEA
1046,Sản xuất,Sản xuất thực phẩm,AAM
1047,Sản xuất,Sản xuất thực phẩm,ABT
1048,Sản xuất,Sản xuất thực phẩm,ACL
1049,Sản xuất,Sản xuất thực phẩm,AFX
1050,Sản xuất,Sản xuất thực phẩm,AGF
1051,Sản xuất,Sản xuất thực phẩm,AGM
1052,Sản xuất,Sản xuất thực phẩm,AGX
1053,Sản xuất,Sản xuất thực phẩm,ANT
1054,Sản xuất,Sản xuất thực phẩm,ANV
1055,Sản xuất,Sản xuất thực phẩm,APF
1056,Sản xuất,Sản xuất thực phẩm,ATA
1057,Sản xuất,Sản xuất thực phẩm,AVF
1058,Sản xuất,Sản xuất thực phẩm,BBC
1059,Sản xuất,Sản xuất thực phẩm,BCF
1060,Sản xuất,Sản xuất thực phẩm,BKH
1061,Sản xuất,Sản xuất thực phẩm,BLF
1062,Sản xuất,Sản xuất thực phẩm,BLT
1063,Sản xuất,Sản xuất thực phẩm,BMV
1064,Sản xuất,Sản xuất thực phẩm,BNA
1065,Sản xuất,Sản xuất thực phẩm,C22
1066,Sản xuất,Sản xuất thực phẩm,CAD
1067,Sản xuất,Sản xuất thực phẩm,CAN
1068,Sản xuất,Sản xuất thực phẩm,CAT
1069,Sản xuất,Sản xuất thực phẩm,CBS
1070,Sản xuất,Sản xuất thực phẩm,CCA
1071,Sản xuất,Sản xuất thực phẩm,CFV
1072,Sản xuất,Sản xuất thực phẩm,CMF
1073,Sản xuất,Sản xuất thực phẩm,CMN
1074,Sản xuất,Sản xuất thực phẩm,CMX
1075,Sản xuất,Sản xuất thực phẩm,DAT
1076,Sản xuất,Sản xuất thực phẩm,DBC
1077,Sản xuất,Sản xuất thực phẩm,DMN
1078,Sản xuất,Sản xuất thực phẩm,EPC
1079,Sản xuất,Sản xuất thực phẩm,FCC
1080,Sản xuất,Sản xuất thực phẩm,FCS
1081,Sản xuất,Sản xuất thực phẩm,FHN
1082,Sản xuất,Sản xuất thực phẩm,FMC
1083,Sản xuất,Sản xuất thực phẩm,HAF
1084,Sản xuất,Sản xuất thực phẩm,HHC
1085,Sản xuất,Sản xuất thực phẩm,HLG
1086,Sản xuất,Sản xuất thực phẩm,HNF
1087,Sản xuất,Sản xuất thực phẩm,HNM
1088,Sản xuất,Sản xuất thực phẩm,HVG
1089,Sản xuất,Sản xuất thực phẩm,ICF
1090,Sản xuất,Sản xuất thực phẩm,IDI
1091,Sản xuất,Sản xuất thực phẩm,IDP
1092,Sản xuất,Sản xuất thực phẩm,JOS
1093,Sản xuất,Sản xuất thực phẩm,KDC
1094,Sản xuất,Sản xuất thực phẩm,KGM
1095,Sản xuất,Sản xuất thực phẩm,KHS
1096,Sản xuất,Sản xuất thực phẩm,KTC
1097,Sản xuất,Sản xuất thực phẩm,KTS
1098,Sản xuất,Sản xuất thực phẩm,LAF
1099,Sản xuất,Sản xuất thực phẩm,LSS
1100,Sản xuất,Sản xuất thực phẩm,LYF
1101,Sản xuất,Sản xuất thực phẩm,MCH
1102,Sản xuất,Sản xuất thực phẩm,MCM
1103,Sản xuất,Sản xuất thực phẩm,MML
1104,Sản xuất,Sản xuất thực phẩm,MPC
1105,Sản xuất,Sản xuất thực phẩm,MSN
1106,Sản xuất,Sản xuất thực phẩm,NAF
1107,Sản xuất,Sản xuất thực phẩm,NDF
1108,Sản xuất,Sản xuất thực phẩm,NGC
1109,Sản xuất,Sản xuất thực phẩm,PAN
1110,Sản xuất,Sản xuất thực phẩm,PRO
1111,Sản xuất,Sản xuất thực phẩm,QNS
1112,Sản xuất,Sản xuất thực phẩm,SAF
1113,Sản xuất,Sản xuất thực phẩm,SBL
1114,Sản xuất,Sản xuất thực phẩm,SBT
1115,Sản xuất,Sản xuất thực phẩm,SCV
1116,Sản xuất,Sản xuất thực phẩm,SGC
1117,Sản xuất,Sản xuất thực phẩm,SGO
1118,Sản xuất,Sản xuất thực phẩm,SJ1
1119,Sản xuất,Sản xuất thực phẩm,SLS
1120,Sản xuất,Sản xuất thực phẩm,SNC
1121,Sản xuất,Sản xuất thực phẩm,SPD
1122,Sản xuất,Sản xuất thực phẩm,SPH
1123,Sản xuất,Sản xuất thực phẩm,SPV
1124,Sản xuất,Sản xuất thực phẩm,SSN
1125,Sản xuất,Sản xuất thực phẩm,TAR
1126,Sản xuất,Sản xuất thực phẩm,TCJ
1127,Sản xuất,Sản xuất thực phẩm,TFC
1128,Sản xuất,Sản xuất thực phẩm,THP
1129,Sản xuất,Sản xuất thực phẩm,TID
1130,Sản xuất,Sản xuất thực phẩm,TS4
1131,Sản xuất,Sản xuất thực phẩm,VHC
1132,Sản xuất,Sản xuất thực phẩm,VHE
1133,Sản xuất,Sản xuất thực phẩm,VHF
1134,Sản xuất,Sản xuất thực phẩm,VLC
1135,Sản xuất,Sản xuất thực phẩm,VLF
1136,Sản xuất,Sản xuất thực phẩm,VNH
1137,Sản xuất,Sản xuất thực phẩm,VNM
1138,Sản xuất,Sản xuất thực phẩm,VOC
1139,Sản xuất,Sản xuất thực phẩm,VSF
1140,Sản xuất,Sản xuất thực phẩm,VSN
1141,Sản xuất,Sản xuất trang thiết bị nội thất và sản phẩm liên quan,DCS
1142,Sản xuất,Sản xuất trang thiết bị nội thất và sản phẩm liên quan,GDT
1143,Sản xuất,Sản xuất trang thiết bị nội thất và sản phẩm liên quan,L45
1144,Sản xuất,Sản xuất trang thiết bị nội thất và sản phẩm liên quan,L63
1145,Sản xuất,Sản xuất trang thiết bị nội thất và sản phẩm liên quan,MHL
1146,Sản xuất,Sản xuất trang thiết bị nội thất và sản phẩm liên quan,SAV
1147,Sản xuất,Sản xuất trang thiết bị nội thất và sản phẩm liên quan,SHA
1148,Sản xuất,Sản xuất trang thiết bị nội thất và sản phẩm liên quan,TTF
1149,Sản xuất,"Sản xuất trang thiết bị, dụng cụ điện",BTH
1150,Sản xuất,"Sản xuất trang thiết bị, dụng cụ điện",CAV
1151,Sản xuất,"Sản xuất trang thiết bị, dụng cụ điện",DHP
1152,Sản xuất,"Sản xuất trang thiết bị, dụng cụ điện",DQC
1153,Sản xuất,"Sản xuất trang thiết bị, dụng cụ điện",EMC
1154,Sản xuất,"Sản xuất trang thiết bị, dụng cụ điện",GEE
1155,Sản xuất,"Sản xuất trang thiết bị, dụng cụ điện",GEX
1156,Sản xuất,"Sản xuất trang thiết bị, dụng cụ điện",HLS
1157,Sản xuất,"Sản xuất trang thiết bị, dụng cụ điện",KIP
1158,Sản xuất,"Sản xuất trang thiết bị, dụng cụ điện",KSD
1159,Sản xuất,"Sản xuất trang thiết bị, dụng cụ điện",MBG
1160,Sản xuất,"Sản xuất trang thiết bị, dụng cụ điện",PAC
1161,Sản xuất,"Sản xuất trang thiết bị, dụng cụ điện",PHN
1162,Sản xuất,"Sản xuất trang thiết bị, dụng cụ điện",RAL
1163,Sản xuất,"Sản xuất trang thiết bị, dụng cụ điện",SAM
1164,Sản xuất,"Sản xuất trang thiết bị, dụng cụ điện",TBD
1165,Sản xuất,"Sản xuất trang thiết bị, dụng cụ điện",TSB
1166,Sản xuất,"Sản xuất trang thiết bị, dụng cụ điện",TYA
1167,Sản xuất,"Sản xuất trang thiết bị, dụng cụ điện",UEM
1168,Sản xuất,"Sản xuất trang thiết bị, dụng cụ điện",VEC
1169,Sản xuất,"Sản xuất trang thiết bị, dụng cụ điện",VTH
1170,Sản xuất,"Sản xuất xăng dầu, than đá",APP
1171,Sản xuất,"Sản xuất xăng dầu, than đá",BSR
1172,Sản xuất,"Sản xuất xăng dầu, than đá",PLC
1173,Bán buôn,Bán buôn hàng lâu bền,AMP
1174,Bán buôn,Bán buôn hàng lâu bền,AMV
1175,Bán buôn,Bán buôn hàng lâu bền,APL
1176,Bán buôn,Bán buôn hàng lâu bền,ARM
1177,Bán buôn,Bán buôn hàng lâu bền,BIG
1178,Bán buôn,Bán buôn hàng lâu bền,CDO
1179,Bán buôn,Bán buôn hàng lâu bền,CKV
1180,Bán buôn,Bán buôn hàng lâu bền,CLM
1181,Bán buôn,Bán buôn hàng lâu bền,CMC
1182,Bán buôn,Bán buôn hàng lâu bền,CMD
1183,Bán buôn,Bán buôn hàng lâu bền,CMK
1184,Bán buôn,Bán buôn hàng lâu bền,CVN
1185,Bán buôn,Bán buôn hàng lâu bền,DAS
1186,Bán buôn,Bán buôn hàng lâu bền,DGW
1187,Bán buôn,Bán buôn hàng lâu bền,DIC
1188,Bán buôn,Bán buôn hàng lâu bền,DPS
1189,Bán buôn,Bán buôn hàng lâu bền,DXV
1190,Bán buôn,Bán buôn hàng lâu bền,FBA
1191,Bán buôn,Bán buôn hàng lâu bền,FID
1192,Bán buôn,Bán buôn hàng lâu bền,GMA
1193,Bán buôn,Bán buôn hàng lâu bền,HHS
1194,Bán buôn,Bán buôn hàng lâu bền,HMC
1195,Bán buôn,Bán buôn hàng lâu bền,HSV
1196,Bán buôn,Bán buôn hàng lâu bền,HTL
1197,Bán buôn,Bán buôn hàng lâu bền,JVC
1198,Bán buôn,Bán buôn hàng lâu bền,KDM
1199,Bán buôn,Bán buôn hàng lâu bền,KMT
1200,Bán buôn,Bán buôn hàng lâu bền,LPT
1201,Bán buôn,Bán buôn hàng lâu bền,MEL
1202,Bán buôn,Bán buôn hàng lâu bền,MTS
1203,Bán buôn,Bán buôn hàng lâu bền,MVC
1204,Bán buôn,Bán buôn hàng lâu bền,PET
1205,Bán buôn,Bán buôn hàng lâu bền,PSD
1206,Bán buôn,Bán buôn hàng lâu bền,PXM
1207,Bán buôn,Bán buôn hàng lâu bền,SDP
1208,Bán buôn,Bán buôn hàng lâu bền,SGT
1209,Bán buôn,Bán buôn hàng lâu bền,SMA
1210,Bán buôn,Bán buôn hàng lâu bền,SMC
1211,Bán buôn,Bán buôn hàng lâu bền,SRA
1212,Bán buôn,Bán buôn hàng lâu bền,ST8
1213,Bán buôn,Bán buôn hàng lâu bền,THS
1214,Bán buôn,Bán buôn hàng lâu bền,TIE
1215,Bán buôn,Bán buôn hàng lâu bền,TLH
1216,Bán buôn,Bán buôn hàng lâu bền,TNA
1217,Bán buôn,Bán buôn hàng lâu bền,TNI
1218,Bán buôn,Bán buôn hàng lâu bền,TTB
1219,Bán buôn,Bán buôn hàng lâu bền,TTH
1220,Bán buôn,Bán buôn hàng lâu bền,TVA
1221,Bán buôn,Bán buôn hàng lâu bền,UNI
1222,Bán buôn,Bán buôn hàng lâu bền,VKC
1223,Bán buôn,Bán buôn hàng lâu bền,VPG
1224,Bán buôn,Bán buôn hàng lâu bền,VTV
1225,Bán buôn,Bán buôn hàng tiêu dùng,AAT
1226,Bán buôn,Bán buôn hàng tiêu dùng,AAV
1227,Bán buôn,Bán buôn hàng tiêu dùng,ABR
1228,Bán buôn,Bán buôn hàng tiêu dùng,ABS
1229,Bán buôn,Bán buôn hàng tiêu dùng,CDP
1230,Bán buôn,Bán buôn hàng tiêu dùng,CEN
1231,Bán buôn,Bán buôn hàng tiêu dùng,CLX
1232,Bán buôn,Bán buôn hàng tiêu dùng,CNC
1233,Bán buôn,Bán buôn hàng tiêu dùng,CNT
1234,Bán buôn,Bán buôn hàng tiêu dùng,DBT
1235,Bán buôn,Bán buôn hàng tiêu dùng,DDN
1236,Bán buôn,Bán buôn hàng tiêu dùng,DP1
1237,Bán buôn,Bán buôn hàng tiêu dùng,DPP
1238,Bán buôn,Bán buôn hàng tiêu dùng,HAI
1239,Bán buôn,Bán buôn hàng tiêu dùng,HAT
1240,Bán buôn,Bán buôn hàng tiêu dùng,HFX
1241,Bán buôn,Bán buôn hàng tiêu dùng,HKB
1242,Bán buôn,Bán buôn hàng tiêu dùng,HTM
1243,Bán buôn,Bán buôn hàng tiêu dùng,IFS
1244,Bán buôn,Bán buôn hàng tiêu dùng,LMH
1245,Bán buôn,Bán buôn hàng tiêu dùng,MCF
1246,Bán buôn,Bán buôn hàng tiêu dùng,NHV
1247,Bán buôn,Bán buôn hàng tiêu dùng,OIL
1248,Bán buôn,Bán buôn hàng tiêu dùng,PCF
1249,Bán buôn,Bán buôn hàng tiêu dùng,PCN
1250,Bán buôn,Bán buôn hàng tiêu dùng,PCT
1251,Bán buôn,Bán buôn hàng tiêu dùng,PEG
1252,Bán buôn,Bán buôn hàng tiêu dùng,PIT
1253,Bán buôn,Bán buôn hàng tiêu dùng,PLO
1254,Bán buôn,Bán buôn hàng tiêu dùng,PLX
1255,Bán buôn,Bán buôn hàng tiêu dùng,PMG
1256,Bán buôn,Bán buôn hàng tiêu dùng,PMJ
1257,Bán buôn,Bán buôn hàng tiêu dùng,PND
1258,Bán buôn,Bán buôn hàng tiêu dùng,POB
1259,Bán buôn,Bán buôn hàng tiêu dùng,POV
1260,Bán buôn,Bán buôn hàng tiêu dùng,PPT
1261,Bán buôn,Bán buôn hàng tiêu dùng,PPY
1262,Bán buôn,Bán buôn hàng tiêu dùng,PSC
1263,Bán buôn,Bán buôn hàng tiêu dùng,PSE
1264,Bán buôn,Bán buôn hàng tiêu dùng,PSH
1265,Bán buôn,Bán buôn hàng tiêu dùng,PTV
1266,Bán buôn,Bán buôn hàng tiêu dùng,PTX
1267,Bán buôn,Bán buôn hàng tiêu dùng,PVO
1268,Bán buôn,Bán buôn hàng tiêu dùng,QBS
1269,Bán buôn,Bán buôn hàng tiêu dùng,SCO
1270,Bán buôn,Bán buôn hàng tiêu dùng,SHN
1271,Bán buôn,Bán buôn hàng tiêu dùng,TDG
1272,Bán buôn,Bán buôn hàng tiêu dùng,TH1
1273,Bán buôn,Bán buôn hàng tiêu dùng,TOP
1274,Bán buôn,Bán buôn hàng tiêu dùng,TSC
1275,Bán buôn,Bán buôn hàng tiêu dùng,VFG
1276,Bán buôn,Bán buôn hàng tiêu dùng,VID
1277,Bán buôn,Bán buôn hàng tiêu dùng,VMD
1278,Bán buôn,Bán buôn hàng tiêu dùng,VXT
1279,Bán buôn,Bán buôn hàng tiêu dùng,YTC
1280,Bán buôn,"Chợ, đại lý và môi giới bán buôn điện tử",HAM
1281,Bán buôn,"Chợ, đại lý và môi giới bán buôn điện tử",KLF
1282,Bán lẻ,Bán lẻ hàng hóa khác,PNC
1283,Bán lẻ,Bán lẻ hàng hóa khác,STH
1284,Bán lẻ,Bán lẻ xe hơi và phụ tùng,CTF
1285,Bán lẻ,Bán lẻ xe hơi và phụ tùng,HAX
1286,Bán lẻ,Bán lẻ xe hơi và phụ tùng,SVC
1287,Bán lẻ,Cửa hàng hàng hóa tổng hợp,AST
1288,Bán lẻ,Cửa hàng hàng hóa tổng hợp,BTT
1289,Bán lẻ,Cửa hàng hàng hóa tổng hợp,CIA
1290,Bán lẻ,Cửa hàng hàng hóa tổng hợp,CMV
1291,Bán lẻ,Cửa hàng hàng hóa tổng hợp,LBC
1292,Bán lẻ,Cửa hàng hàng hóa tổng hợp,SAS
1293,Bán lẻ,"Cửa hàng đồ dùng thể thao, đồ cổ, sách và âm nhạc",CTC
1294,Bán lẻ,"Cửa hàng đồ dùng thể thao, đồ cổ, sách và âm nhạc",FHS
1295,Bán lẻ,Cửa hàng đồ nội thất và đồ dùng gia đình,DVC
1296,Bán lẻ,Cửa hàng đồ nội thất và đồ dùng gia đình,HFC
1297,Bán lẻ,Cửa hàng đồ nội thất và đồ dùng gia đình,PEQ
1298,Bán lẻ,Cửa hàng đồ nội thất và đồ dùng gia đình,PNG
1299,Bán lẻ,Cửa hàng đồ nội thất và đồ dùng gia đình,PTH
1300,Bán lẻ,Cửa hàng đồ nội thất và đồ dùng gia đình,VTJ
1301,Bán lẻ,Cửa hàng thiết bị điện tử gia đình,FRT
1302,Bán lẻ,Cửa hàng thiết bị điện tử gia đình,MWG
1303,Bán lẻ,Cửa hàng thiết bị điện tử gia đình,TAG
1304,Bán lẻ,"Kinh doanh vật liệu xây dựng, trang thiết bị làm vườn",AMD
1305,Bán lẻ,"Kinh doanh vật liệu xây dựng, trang thiết bị làm vườn",HMG
1306,Bán lẻ,"Kinh doanh vật liệu xây dựng, trang thiết bị làm vườn",NAV
1307,Bán lẻ,"Kinh doanh vật liệu xây dựng, trang thiết bị làm vườn",NXT
1308,Bán lẻ,"Kinh doanh vật liệu xây dựng, trang thiết bị làm vườn",PIV
1309,Bán lẻ,"Kinh doanh vật liệu xây dựng, trang thiết bị làm vườn",SVN
1310,Bán lẻ,"Kinh doanh vật liệu xây dựng, trang thiết bị làm vườn",TMX
1311,Bán lẻ,"Kinh doanh vật liệu xây dựng, trang thiết bị làm vườn",VGC
1312,Bán lẻ,Trạm xăng,BMF
1313,Bán lẻ,Trạm xăng,CCI
1314,Bán lẻ,Trạm xăng,COM
1315,Bán lẻ,Trạm xăng,GCB
1316,Bán lẻ,Trạm xăng,HTC
1317,Bán lẻ,Trạm xăng,SFC
1318,Bán lẻ,Trạm xăng,TLP
1319,Bán lẻ,Trạm xăng,TMC
1320,Vận tải và kho bãi,Hỗ trợ vận tải,ACV
1321,Vận tải và kho bãi,Hỗ trợ vận tải,ASG
1322,Vận tải và kho bãi,Hỗ trợ vận tải,CAG
1323,Vận tải và kho bãi,Hỗ trợ vận tải,CCP
1324,Vận tải và kho bãi,Hỗ trợ vận tải,CCR
1325,Vận tải và kho bãi,Hỗ trợ vận tải,CCT
1326,Vận tải và kho bãi,Hỗ trợ vận tải,CDN
1327,Vận tải và kho bãi,Hỗ trợ vận tải,CLL
1328,Vận tải và kho bãi,Hỗ trợ vận tải,CMP
1329,Vận tải và kho bãi,Hỗ trợ vận tải,CPI
1330,Vận tải và kho bãi,Hỗ trợ vận tải,DDH
1331,Vận tải và kho bãi,Hỗ trợ vận tải,DNL
1332,Vận tải và kho bãi,Hỗ trợ vận tải,DOP
1333,Vận tải và kho bãi,Hỗ trợ vận tải,DS3
1334,Vận tải và kho bãi,Hỗ trợ vận tải,DSV
1335,Vận tải và kho bãi,Hỗ trợ vận tải,DVP
1336,Vận tải và kho bãi,Hỗ trợ vận tải,DXP
1337,Vận tải và kho bãi,Hỗ trợ vận tải,GIC
1338,Vận tải và kho bãi,Hỗ trợ vận tải,GMD
1339,Vận tải và kho bãi,Hỗ trợ vận tải,HAH
1340,Vận tải và kho bãi,Hỗ trợ vận tải,HHN
1341,Vận tải và kho bãi,Hỗ trợ vận tải,HLR
1342,Vận tải và kho bãi,Hỗ trợ vận tải,HMH
1343,Vận tải và kho bãi,Hỗ trợ vận tải,HNB
1344,Vận tải và kho bãi,Hỗ trợ vận tải,HTH
1345,Vận tải và kho bãi,Hỗ trợ vận tải,HTR
1346,Vận tải và kho bãi,Hỗ trợ vận tải,ILS
1347,Vận tải và kho bãi,Hỗ trợ vận tải,MAC
1348,Vận tải và kho bãi,Hỗ trợ vận tải,MAS
1349,Vận tải và kho bãi,Hỗ trợ vận tải,MVN
1350,Vận tải và kho bãi,Hỗ trợ vận tải,NAP
1351,Vận tải và kho bãi,Hỗ trợ vận tải,NAS
1352,Vận tải và kho bãi,Hỗ trợ vận tải,NCS
1353,Vận tải và kho bãi,Hỗ trợ vận tải,NCT
1354,Vận tải và kho bãi,Hỗ trợ vận tải,PAP
1355,Vận tải và kho bãi,Hỗ trợ vận tải,PDN
1356,Vận tải và kho bãi,Hỗ trợ vận tải,PDV
1357,Vận tải và kho bãi,Hỗ trợ vận tải,PHP
1358,Vận tải và kho bãi,Hỗ trợ vận tải,PNP
1359,Vận tải và kho bãi,Hỗ trợ vận tải,PSN
1360,Vận tải và kho bãi,Hỗ trợ vận tải,PSP
1361,Vận tải và kho bãi,Hỗ trợ vận tải,PVP
1362,Vận tải và kho bãi,Hỗ trợ vận tải,QLT
1363,Vận tải và kho bãi,Hỗ trợ vận tải,QSP
1364,Vận tải và kho bãi,Hỗ trợ vận tải,RCC
1365,Vận tải và kho bãi,Hỗ trợ vận tải,SAC
1366,Vận tải và kho bãi,Hỗ trợ vận tải,SAL
1367,Vận tải và kho bãi,Hỗ trợ vận tải,SCS
1368,Vận tải và kho bãi,Hỗ trợ vận tải,SFI
1369,Vận tải và kho bãi,Hỗ trợ vận tải,SGN
1370,Vận tải và kho bãi,Hỗ trợ vận tải,SGP
1371,Vận tải và kho bãi,Hỗ trợ vận tải,STS
1372,Vận tải và kho bãi,Hỗ trợ vận tải,TCL
1373,Vận tải và kho bãi,Hỗ trợ vận tải,TCO
1374,Vận tải và kho bãi,Hỗ trợ vận tải,TCW
1375,Vận tải và kho bãi,Hỗ trợ vận tải,TMS
1376,Vận tải và kho bãi,Hỗ trợ vận tải,TNP
1377,Vận tải và kho bãi,Hỗ trợ vận tải,TOS
1378,Vận tải và kho bãi,Hỗ trợ vận tải,TOT
1379,Vận tải và kho bãi,Hỗ trợ vận tải,TPS
1380,Vận tải và kho bãi,Hỗ trợ vận tải,TR1
1381,Vận tải và kho bãi,Hỗ trợ vận tải,TSG
1382,Vận tải và kho bãi,Hỗ trợ vận tải,TUG
1383,Vận tải và kho bãi,Hỗ trợ vận tải,VFC
1384,Vận tải và kho bãi,Hỗ trợ vận tải,VFR
1385,Vận tải và kho bãi,Hỗ trợ vận tải,VGP
1386,Vận tải và kho bãi,Hỗ trợ vận tải,VGR
1387,Vận tải và kho bãi,Hỗ trợ vận tải,VIN
1388,Vận tải và kho bãi,Hỗ trợ vận tải,VLG
1389,Vận tải và kho bãi,Hỗ trợ vận tải,VMS
1390,Vận tải và kho bãi,Hỗ trợ vận tải,VNF
1391,Vận tải và kho bãi,Hỗ trợ vận tải,VNL
1392,Vận tải và kho bãi,Hỗ trợ vận tải,VNT
1393,Vận tải và kho bãi,Hỗ trợ vận tải,VSA
1394,Vận tải và kho bãi,Hỗ trợ vận tải,VSC
1395,Vận tải và kho bãi,Hỗ trợ vận tải,VTP
1396,Vận tải và kho bãi,Hỗ trợ vận tải,VTX
1397,Vận tải và kho bãi,Hỗ trợ vận tải,WCS
1398,Vận tải và kho bãi,Kho bãi,BSC
1399,Vận tải và kho bãi,Kho bãi,CVP
1400,Vận tải và kho bãi,Kho bãi,ILA
1401,Vận tải và kho bãi,Kho bãi,ILB
1402,Vận tải và kho bãi,Kho bãi,IST
1403,Vận tải và kho bãi,Kho bãi,STG
1404,Vận tải và kho bãi,Vận chuyển,NWT
1405,Vận tải và kho bãi,Vận chuyển,STT
1406,Vận tải và kho bãi,Vận chuyển,TCT
1407,Vận tải và kho bãi,Vận chuyển,TSJ
1408,Vận tải và kho bãi,Đưa thư,EMS
1409,Vận tải và kho bãi,Vận tải,BLN
1410,Vận tải và kho bãi,Vận tải,BSG
1411,Vận tải và kho bãi,Vận tải,DDM
1412,Vận tải và kho bãi,Vận tải,DL1
1413,Vận tải và kho bãi,Vận tải,GSP
1414,Vận tải và kho bãi,Vận tải,GTT
1415,Vận tải và kho bãi,Vận tải,HCT
1416,Vận tải và kho bãi,Vận tải,HHG
1417,Vận tải và kho bãi,Vận tải,HRT
1418,Vận tải và kho bãi,Vận tải,HTV
1419,Vận tải và kho bãi,Vận tải,HVN
1420,Vận tải và kho bãi,Vận tải,ILC
1421,Vận tải và kho bãi,Vận tải,ISG
1422,Vận tải và kho bãi,Vận tải,MHC
1423,Vận tải và kho bãi,Vận tải,NOS
1424,Vận tải và kho bãi,Vận tải,PGT
1425,Vận tải và kho bãi,Vận tải,PJC
1426,Vận tải và kho bãi,Vận tải,PJT
1427,Vận tải và kho bãi,Vận tải,PRC
1428,Vận tải và kho bãi,Vận tải,PTS
1429,Vận tải và kho bãi,Vận tải,PTT
1430,Vận tải và kho bãi,Vận tải,PVT
1431,Vận tải và kho bãi,Vận tải,RAT
1432,Vận tải và kho bãi,Vận tải,SGS
1433,Vận tải và kho bãi,Vận tải,SHC
1434,Vận tải và kho bãi,Vận tải,SHX
1435,Vận tải và kho bãi,Vận tải,SKG
1436,Vận tải và kho bãi,Vận tải,SRT
1437,Vận tải và kho bãi,Vận tải,SSG
1438,Vận tải và kho bãi,Vận tải,SWC
1439,Vận tải và kho bãi,Vận tải,TJC
1440,Vận tải và kho bãi,Vận tải,TRS
1441,Vận tải và kho bãi,Vận tải,TTZ
1442,Vận tải và kho bãi,Vận tải,VIP
1443,Vận tải và kho bãi,Vận tải,VJC
1444,Vận tải và kho bãi,Vận tải,VNA
1445,Vận tải và kho bãi,Vận tải,VNS
1446,Vận tải và kho bãi,Vận tải,VOS
1447,Vận tải và kho bãi,Vận tải,VPA
1448,Vận tải và kho bãi,Vận tải,VSG
1449,Vận tải và kho bãi,Vận tải,VSM
1450,Vận tải và kho bãi,Vận tải,VSP
1451,Vận tải và kho bãi,Vận tải,VST
1452,Vận tải và kho bãi,Vận tải,VTM
1453,Vận tải và kho bãi,Vận tải,VTO
1454,Vận tải và kho bãi,Vận tải,WTC
1455,Công nghệ và thông tin,Các dịch vụ thông tin khác,CMG
1456,Công nghệ và thông tin,Các dịch vụ thông tin khác,MFS
1457,Công nghệ và thông tin,Các dịch vụ thông tin khác,PAI
1458,Công nghệ và thông tin,Các dịch vụ thông tin khác,PIA
1459,Công nghệ và thông tin,Các dịch vụ thông tin khác,SBD
1460,Công nghệ và thông tin,Công nghiệp xuất bản - Ngoại trừ internet,ADC
1461,Công nghệ và thông tin,Công nghiệp xuất bản - Ngoại trừ internet,BDB
1462,Công nghệ và thông tin,Công nghiệp xuất bản - Ngoại trừ internet,BED
1463,Công nghệ và thông tin,Công nghiệp xuất bản - Ngoại trừ internet,BST
1464,Công nghệ và thông tin,Công nghiệp xuất bản - Ngoại trừ internet,DAD
1465,Công nghệ và thông tin,Công nghiệp xuất bản - Ngoại trừ internet,DAE
1466,Công nghệ và thông tin,Công nghiệp xuất bản - Ngoại trừ internet,DST
1467,Công nghệ và thông tin,Công nghiệp xuất bản - Ngoại trừ internet,EBS
1468,Công nghệ và thông tin,Công nghiệp xuất bản - Ngoại trừ internet,ECI
1469,Công nghệ và thông tin,Công nghiệp xuất bản - Ngoại trừ internet,EID
1470,Công nghệ và thông tin,Công nghiệp xuất bản - Ngoại trừ internet,EPH
1471,Công nghệ và thông tin,Công nghiệp xuất bản - Ngoại trừ internet,FPT
1472,Công nghệ và thông tin,Công nghiệp xuất bản - Ngoại trừ internet,HEV
1473,Công nghệ và thông tin,Công nghiệp xuất bản - Ngoại trừ internet,IBN
1474,Công nghệ và thông tin,Công nghiệp xuất bản - Ngoại trừ internet,LBE
1475,Công nghệ và thông tin,Công nghiệp xuất bản - Ngoại trừ internet,NBE
1476,Công nghệ và thông tin,Công nghiệp xuất bản - Ngoại trừ internet,QST
1477,Công nghệ và thông tin,Công nghiệp xuất bản - Ngoại trừ internet,SED
1478,Công nghệ và thông tin,Công nghiệp xuất bản - Ngoại trừ internet,SGD
1479,Công nghệ và thông tin,Công nghiệp xuất bản - Ngoại trừ internet,SMN
1480,Công nghệ và thông tin,Công nghiệp xuất bản - Ngoại trừ internet,STC
1481,Công nghệ và thông tin,Công nghiệp xuất bản - Ngoại trừ internet,TPH
1482,Công nghệ và thông tin,Công nghiệp xuất bản - Ngoại trừ internet,VNB
1483,Công nghệ và thông tin,Phát sóng - Ngoại trừ internet,CAB
1484,Công nghệ và thông tin,Viễn thông,ABC
1485,Công nghệ và thông tin,Viễn thông,CMT
1486,Công nghệ và thông tin,Viễn thông,CTR
1487,Công nghệ và thông tin,Viễn thông,ELC
1488,Công nghệ và thông tin,Viễn thông,FOC
1489,Công nghệ và thông tin,Viễn thông,FOX
1490,Công nghệ và thông tin,Viễn thông,GLT
1491,Công nghệ và thông tin,Viễn thông,HIG
1492,Công nghệ và thông tin,Viễn thông,ICT
1493,Công nghệ và thông tin,Viễn thông,ITD
1494,Công nghệ và thông tin,Viễn thông,KST
1495,Công nghệ và thông tin,Viễn thông,ONE
1496,Công nghệ và thông tin,Viễn thông,PMT
1497,Công nghệ và thông tin,Viễn thông,PTP
1498,Công nghệ và thông tin,Viễn thông,TGP
1499,Công nghệ và thông tin,Viễn thông,TTN
1500,Công nghệ và thông tin,Viễn thông,VGI
1501,Công nghệ và thông tin,Viễn thông,VIE
1502,Công nghệ và thông tin,Viễn thông,VTC
1503,Thuê và cho thuê,"Thuê và cho thuê máy móc, thiết bị thương mại và công nghiệp",HDO
1504,"Dịch vụ chuyên môn, khoa học và công nghệ","Dịch vụ chuyên môn, khoa học và công nghệ",ADG
1505,"Dịch vụ chuyên môn, khoa học và công nghệ","Dịch vụ chuyên môn, khoa học và công nghệ",CCV
1506,"Dịch vụ chuyên môn, khoa học và công nghệ","Dịch vụ chuyên môn, khoa học và công nghệ",CNN
1507,"Dịch vụ chuyên môn, khoa học và công nghệ","Dịch vụ chuyên môn, khoa học và công nghệ",DCH
1508,"Dịch vụ chuyên môn, khoa học và công nghệ","Dịch vụ chuyên môn, khoa học và công nghệ",EFI
1509,"Dịch vụ chuyên môn, khoa học và công nghệ","Dịch vụ chuyên môn, khoa học và công nghệ",HEJ
1510,"Dịch vụ chuyên môn, khoa học và công nghệ","Dịch vụ chuyên môn, khoa học và công nghệ",HPT
1511,"Dịch vụ chuyên môn, khoa học và công nghệ","Dịch vụ chuyên môn, khoa học và công nghệ",IBC
1512,"Dịch vụ chuyên môn, khoa học và công nghệ","Dịch vụ chuyên môn, khoa học và công nghệ",INC
1513,"Dịch vụ chuyên môn, khoa học và công nghệ","Dịch vụ chuyên môn, khoa học và công nghệ",KPF
1514,"Dịch vụ chuyên môn, khoa học và công nghệ","Dịch vụ chuyên môn, khoa học và công nghệ",NAC
1515,"Dịch vụ chuyên môn, khoa học và công nghệ","Dịch vụ chuyên môn, khoa học và công nghệ",NUE
1516,"Dịch vụ chuyên môn, khoa học và công nghệ","Dịch vụ chuyên môn, khoa học và công nghệ",ODE
1517,"Dịch vụ chuyên môn, khoa học và công nghệ","Dịch vụ chuyên môn, khoa học và công nghệ",ONW
1518,"Dịch vụ chuyên môn, khoa học và công nghệ","Dịch vụ chuyên môn, khoa học và công nghệ",PID
1519,"Dịch vụ chuyên môn, khoa học và công nghệ","Dịch vụ chuyên môn, khoa học và công nghệ",PLE
1520,"Dịch vụ chuyên môn, khoa học và công nghệ","Dịch vụ chuyên môn, khoa học và công nghệ",PPE
1521,"Dịch vụ chuyên môn, khoa học và công nghệ","Dịch vụ chuyên môn, khoa học và công nghệ",PVE
1522,"Dịch vụ chuyên môn, khoa học và công nghệ","Dịch vụ chuyên môn, khoa học và công nghệ",QNT
1523,"Dịch vụ chuyên môn, khoa học và công nghệ","Dịch vụ chuyên môn, khoa học và công nghệ",SDC
1524,"Dịch vụ chuyên môn, khoa học và công nghệ","Dịch vụ chuyên môn, khoa học và công nghệ",SIG
1525,"Dịch vụ chuyên môn, khoa học và công nghệ","Dịch vụ chuyên môn, khoa học và công nghệ",TV1
1526,"Dịch vụ chuyên môn, khoa học và công nghệ","Dịch vụ chuyên môn, khoa học và công nghệ",TV2
1527,"Dịch vụ chuyên môn, khoa học và công nghệ","Dịch vụ chuyên môn, khoa học và công nghệ",TV3
1528,"Dịch vụ chuyên môn, khoa học và công nghệ","Dịch vụ chuyên môn, khoa học và công nghệ",TV4
1529,"Dịch vụ chuyên môn, khoa học và công nghệ","Dịch vụ chuyên môn, khoa học và công nghệ",TVG
1530,"Dịch vụ chuyên môn, khoa học và công nghệ","Dịch vụ chuyên môn, khoa học và công nghệ",TVH
1531,"Dịch vụ chuyên môn, khoa học và công nghệ","Dịch vụ chuyên môn, khoa học và công nghệ",TVM
1532,"Dịch vụ chuyên môn, khoa học và công nghệ","Dịch vụ chuyên môn, khoa học và công nghệ",UPC
1533,"Dịch vụ chuyên môn, khoa học và công nghệ","Dịch vụ chuyên môn, khoa học và công nghệ",USC
1534,"Dịch vụ chuyên môn, khoa học và công nghệ","Dịch vụ chuyên môn, khoa học và công nghệ",VAT
1535,"Dịch vụ chuyên môn, khoa học và công nghệ","Dịch vụ chuyên môn, khoa học và công nghệ",VBG
1536,"Dịch vụ chuyên môn, khoa học và công nghệ","Dịch vụ chuyên môn, khoa học và công nghệ",VCT
1537,"Dịch vụ chuyên môn, khoa học và công nghệ","Dịch vụ chuyên môn, khoa học và công nghệ",VGV
1538,"Dịch vụ chuyên môn, khoa học và công nghệ","Dịch vụ chuyên môn, khoa học và công nghệ",VLA
1539,"Dịch vụ chuyên môn, khoa học và công nghệ","Dịch vụ chuyên môn, khoa học và công nghệ",VNC
1540,"Dịch vụ chuyên môn, khoa học và công nghệ","Dịch vụ chuyên môn, khoa học và công nghệ",VNX
1541,"Dịch vụ chuyên môn, khoa học và công nghệ","Dịch vụ chuyên môn, khoa học và công nghệ",VQC
1542,"Dịch vụ chuyên môn, khoa học và công nghệ","Dịch vụ chuyên môn, khoa học và công nghệ",VTK
1543,"Dịch vụ chuyên môn, khoa học và công nghệ","Dịch vụ chuyên môn, khoa học và công nghệ",VWS
1544,"Dịch vụ chuyên môn, khoa học và công nghệ","Dịch vụ chuyên môn, khoa học và công nghệ",YEG
1545,"Dịch vụ hỗ trợ (hành chính, du lịch, an ninh, kiểm định...) và xử lý rác thải","Dịch vụ hỗ trợ (hành chính, du lịch, an ninh, kiểm định...) và xử lý rác thải",AGE
1546,"Dịch vụ hỗ trợ (hành chính, du lịch, an ninh, kiểm định...) và xử lý rác thải","Dịch vụ hỗ trợ (hành chính, du lịch, an ninh, kiểm định...) và xử lý rác thải",BMD
1547,"Dịch vụ hỗ trợ (hành chính, du lịch, an ninh, kiểm định...) và xử lý rác thải","Dịch vụ hỗ trợ (hành chính, du lịch, an ninh, kiểm định...) và xử lý rác thải",BTU
1548,"Dịch vụ hỗ trợ (hành chính, du lịch, an ninh, kiểm định...) và xử lý rác thải","Dịch vụ hỗ trợ (hành chính, du lịch, an ninh, kiểm định...) và xử lý rác thải",CDH
1549,"Dịch vụ hỗ trợ (hành chính, du lịch, an ninh, kiểm định...) và xử lý rác thải","Dịch vụ hỗ trợ (hành chính, du lịch, an ninh, kiểm định...) và xử lý rác thải",DTB
1550,"Dịch vụ hỗ trợ (hành chính, du lịch, an ninh, kiểm định...) và xử lý rác thải","Dịch vụ hỗ trợ (hành chính, du lịch, an ninh, kiểm định...) và xử lý rác thải",DUS
1551,"Dịch vụ hỗ trợ (hành chính, du lịch, an ninh, kiểm định...) và xử lý rác thải","Dịch vụ hỗ trợ (hành chính, du lịch, an ninh, kiểm định...) và xử lý rác thải",MBN
1552,"Dịch vụ hỗ trợ (hành chính, du lịch, an ninh, kiểm định...) và xử lý rác thải","Dịch vụ hỗ trợ (hành chính, du lịch, an ninh, kiểm định...) và xử lý rác thải",MDA
1553,"Dịch vụ hỗ trợ (hành chính, du lịch, an ninh, kiểm định...) và xử lý rác thải","Dịch vụ hỗ trợ (hành chính, du lịch, an ninh, kiểm định...) và xử lý rác thải",MLC
1554,"Dịch vụ hỗ trợ (hành chính, du lịch, an ninh, kiểm định...) và xử lý rác thải","Dịch vụ hỗ trợ (hành chính, du lịch, an ninh, kiểm định...) và xử lý rác thải",MND
1555,"Dịch vụ hỗ trợ (hành chính, du lịch, an ninh, kiểm định...) và xử lý rác thải","Dịch vụ hỗ trợ (hành chính, du lịch, an ninh, kiểm định...) và xử lý rác thải",MPY
1556,"Dịch vụ hỗ trợ (hành chính, du lịch, an ninh, kiểm định...) và xử lý rác thải","Dịch vụ hỗ trợ (hành chính, du lịch, an ninh, kiểm định...) và xử lý rác thải",MQB
1557,"Dịch vụ hỗ trợ (hành chính, du lịch, an ninh, kiểm định...) và xử lý rác thải","Dịch vụ hỗ trợ (hành chính, du lịch, an ninh, kiểm định...) và xử lý rác thải",MQN
1558,"Dịch vụ hỗ trợ (hành chính, du lịch, an ninh, kiểm định...) và xử lý rác thải","Dịch vụ hỗ trợ (hành chính, du lịch, an ninh, kiểm định...) và xử lý rác thải",MTB
1559,"Dịch vụ hỗ trợ (hành chính, du lịch, an ninh, kiểm định...) và xử lý rác thải","Dịch vụ hỗ trợ (hành chính, du lịch, an ninh, kiểm định...) và xử lý rác thải",MTH
1560,"Dịch vụ hỗ trợ (hành chính, du lịch, an ninh, kiểm định...) và xử lý rác thải","Dịch vụ hỗ trợ (hành chính, du lịch, an ninh, kiểm định...) và xử lý rác thải",MTV
1561,"Dịch vụ hỗ trợ (hành chính, du lịch, an ninh, kiểm định...) và xử lý rác thải","Dịch vụ hỗ trợ (hành chính, du lịch, an ninh, kiểm định...) và xử lý rác thải",NAU
1562,"Dịch vụ hỗ trợ (hành chính, du lịch, an ninh, kiểm định...) và xử lý rác thải","Dịch vụ hỗ trợ (hành chính, du lịch, an ninh, kiểm định...) và xử lý rác thải",SDA
1563,"Dịch vụ hỗ trợ (hành chính, du lịch, an ninh, kiểm định...) và xử lý rác thải","Dịch vụ hỗ trợ (hành chính, du lịch, an ninh, kiểm định...) và xử lý rác thải",SDV
1564,"Dịch vụ hỗ trợ (hành chính, du lịch, an ninh, kiểm định...) và xử lý rác thải","Dịch vụ hỗ trợ (hành chính, du lịch, an ninh, kiểm định...) và xử lý rác thải",SZE
1565,"Dịch vụ hỗ trợ (hành chính, du lịch, an ninh, kiểm định...) và xử lý rác thải","Dịch vụ hỗ trợ (hành chính, du lịch, an ninh, kiểm định...) và xử lý rác thải",TSD
1566,"Dịch vụ hỗ trợ (hành chính, du lịch, an ninh, kiểm định...) và xử lý rác thải","Dịch vụ hỗ trợ (hành chính, du lịch, an ninh, kiểm định...) và xử lý rác thải",TTT
1567,"Dịch vụ hỗ trợ (hành chính, du lịch, an ninh, kiểm định...) và xử lý rác thải","Dịch vụ hỗ trợ (hành chính, du lịch, an ninh, kiểm định...) và xử lý rác thải",UDL
1568,"Dịch vụ hỗ trợ (hành chính, du lịch, an ninh, kiểm định...) và xử lý rác thải","Dịch vụ hỗ trợ (hành chính, du lịch, an ninh, kiểm định...) và xử lý rác thải",UMC
1569,"Dịch vụ hỗ trợ (hành chính, du lịch, an ninh, kiểm định...) và xử lý rác thải","Dịch vụ hỗ trợ (hành chính, du lịch, an ninh, kiểm định...) và xử lý rác thải",USD
1570,"Dịch vụ hỗ trợ (hành chính, du lịch, an ninh, kiểm định...) và xử lý rác thải","Dịch vụ hỗ trợ (hành chính, du lịch, an ninh, kiểm định...) và xử lý rác thải",VCM
1571,"Dịch vụ hỗ trợ (hành chính, du lịch, an ninh, kiểm định...) và xử lý rác thải","Dịch vụ hỗ trợ (hành chính, du lịch, an ninh, kiểm định...) và xử lý rác thải",VEF
1572,"Dịch vụ hỗ trợ (hành chính, du lịch, an ninh, kiểm định...) và xử lý rác thải","Dịch vụ hỗ trợ (hành chính, du lịch, an ninh, kiểm định...) và xử lý rác thải",VLP
1573,"Dịch vụ hỗ trợ (hành chính, du lịch, an ninh, kiểm định...) và xử lý rác thải","Dịch vụ hỗ trợ (hành chính, du lịch, an ninh, kiểm định...) và xử lý rác thải",VTD
1574,"Dịch vụ hỗ trợ (hành chính, du lịch, an ninh, kiểm định...) và xử lý rác thải","Dịch vụ hỗ trợ (hành chính, du lịch, an ninh, kiểm định...) và xử lý rác thải",VTR
1575,Dịch vụ giáo dục,Dịch vụ giáo dục,CAR
1576,Dịch vụ giáo dục,Dịch vụ giáo dục,CFM
1577,Dịch vụ giáo dục,Dịch vụ giáo dục,SRB
1578,Chăm sóc sức khỏe và hoạt động hỗ trợ giúp xã hội,Chăm sóc sức khỏe và hoạt động hỗ trợ giúp xã hội,TNH
1579,Chăm sóc sức khỏe và hoạt động hỗ trợ giúp xã hội,Chăm sóc sức khỏe và hoạt động hỗ trợ giúp xã hội,TTD
1580,"Nghệ thuật, vui chơi và giải trí","Nghệ thuật, vui chơi và giải trí",DSD
1581,"Nghệ thuật, vui chơi và giải trí","Nghệ thuật, vui chơi và giải trí",DSN
1582,"Nghệ thuật, vui chơi và giải trí","Nghệ thuật, vui chơi và giải trí",DSP
1583,"Nghệ thuật, vui chơi và giải trí","Nghệ thuật, vui chơi và giải trí",HES
1584,"Nghệ thuật, vui chơi và giải trí","Nghệ thuật, vui chơi và giải trí",RGC
1585,"Nghệ thuật, vui chơi và giải trí","Nghệ thuật, vui chơi và giải trí",RIC
1586,Dịch vụ lưu trú và ăn uống,Dịch vụ lưu trú và ăn uống,ATS
1587,Dịch vụ lưu trú và ăn uống,Dịch vụ lưu trú và ăn uống,BCV
1588,Dịch vụ lưu trú và ăn uống,Dịch vụ lưu trú và ăn uống,BTV
1589,Dịch vụ lưu trú và ăn uống,Dịch vụ lưu trú và ăn uống,DAH
1590,Dịch vụ lưu trú và ăn uống,Dịch vụ lưu trú và ăn uống,DLD
1591,Dịch vụ lưu trú và ăn uống,Dịch vụ lưu trú và ăn uống,DNT
1592,Dịch vụ lưu trú và ăn uống,Dịch vụ lưu trú và ăn uống,DXL
1593,Dịch vụ lưu trú và ăn uống,Dịch vụ lưu trú và ăn uống,EIN
1594,Dịch vụ lưu trú và ăn uống,Dịch vụ lưu trú và ăn uống,HGT
1595,Dịch vụ lưu trú và ăn uống,Dịch vụ lưu trú và ăn uống,HOT
1596,Dịch vụ lưu trú và ăn uống,Dịch vụ lưu trú và ăn uống,MTC
1597,Dịch vụ lưu trú và ăn uống,Dịch vụ lưu trú và ăn uống,NVT
1598,Dịch vụ lưu trú và ăn uống,Dịch vụ lưu trú và ăn uống,OCH
1599,Dịch vụ lưu trú và ăn uống,Dịch vụ lưu trú và ăn uống,PDC
1600,Dịch vụ lưu trú và ăn uống,Dịch vụ lưu trú và ăn uống,SGH
1601,Dịch vụ lưu trú và ăn uống,Dịch vụ lưu trú và ăn uống,VIR
1602,Dịch vụ lưu trú và ăn uống,Dịch vụ lưu trú và ăn uống,VNG
1603,Dịch vụ lưu trú và ăn uống,Dịch vụ lưu trú và ăn uống,VTG
1604,Dịch vụ khác (ngoại trừ hành chính công),Dịch vụ khác (ngoại trừ hành chính công),CPH
